Success: True
Phase: done
GPU: NVIDIA B200, 580.95.05, 183359 MiB
NVCC: nvcc: NVIDIA (R) Cuda compiler driver
Copyright (c) 2005-2025 NVIDIA Corporation
Built on Wed_Aug_20_01:58:59_PM_PDT_2025
Cuda compilation tools, release 13.0, V13.0.88
Build cuda_13.0.r13.0/compiler.36424714_0

--- compile log ---
ptxas info    : 11 bytes gmem
ptxas info    : Compiling entry function '_Z29async_utchmma_baseline_kernelILi16EEvP11BenchResulti' for 'sm_100a'
ptxas info    : Function properties for _Z29async_utchmma_baseline_kernelILi16EEvP11BenchResulti
    0 bytes stack frame, 0 bytes spill stores, 0 bytes spill loads
ptxas info    : Used 17 registers, used 1 barriers, 32 bytes smem
ptxas info    : Compile time = 10.456 ms
ptxas info    : Compiling entry function '_Z29async_utchmma_baseline_kernelILi8EEvP11BenchResulti' for 'sm_100a'
ptxas info    : Function properties for _Z29async_utchmma_baseline_kernelILi8EEvP11BenchResulti
    0 bytes stack frame, 0 bytes spill stores, 0 bytes spill loads
ptxas info    : Used 17 registers, used 1 barriers, 32 bytes smem
ptxas info    : Compile time = 8.738 ms
ptxas info    : Compiling entry function '_Z29async_utchmma_baseline_kernelILi4EEvP11BenchResulti' for 'sm_100a'
ptxas info    : Function properties for _Z29async_utchmma_baseline_kernelILi4EEvP11BenchResulti
    0 bytes stack frame, 0 bytes spill stores, 0 bytes spill loads
ptxas info    : Used 17 registers, used 1 barriers, 32 bytes smem
ptxas info    : Compile time = 7.442 ms
ptxas info    : Compiling entry function '_Z29async_utchmma_baseline_kernelILi2EEvP11BenchResulti' for 'sm_100a'
ptxas info    : Function properties for _Z29async_utchmma_baseline_kernelILi2EEvP11BenchResulti
    0 bytes stack frame, 0 bytes spill stores, 0 bytes spill loads
ptxas info    : Used 17 registers, used 1 barriers, 32 bytes smem
ptxas info    : Compile time = 9.970 ms
ptxas info    : Compiling entry function '_Z29async_utchmma_baseline_kernelILi1EEvP11BenchResulti' for 'sm_100a'
ptxas info    : Function properties for _Z29async_utchmma_baseline_kernelILi1EEvP11BenchResulti
    0 bytes stack frame, 0 bytes spill stores, 0 bytes spill loads
ptxas info    : Used 17 registers, used 1 barriers, 32 bytes smem
ptxas info    : Compile time = 8.950 ms
ptxas info    : Compiling entry function '_Z20async_utchmma_kernelILi16EEvP11BenchResulti' for 'sm_100a'
ptxas info    : Function properties for _Z20async_utchmma_kernelILi16EEvP11BenchResulti
    0 bytes stack frame, 0 bytes spill stores, 0 bytes spill loads
ptxas info    : Used 19 registers, used 1 barriers, 32 bytes smem
ptxas info    : Compile time = 25.294 ms
ptxas info    : Compiling entry function '_Z20async_utchmma_kernelILi8EEvP11BenchResulti' for 'sm_100a'
ptxas info    : Function properties for _Z20async_utchmma_kernelILi8EEvP11BenchResulti
    0 bytes stack frame, 0 bytes spill stores, 0 bytes spill loads
ptxas info    : Used 19 registers, used 1 barriers, 32 bytes smem
ptxas info    : Compile time = 17.333 ms
ptxas info    : Compiling entry function '_Z20async_utchmma_kernelILi4EEvP11BenchResulti' for 'sm_100a'
ptxas info    : Function properties for _Z20async_utchmma_kernelILi4EEvP11BenchResulti
    0 bytes stack frame, 0 bytes spill stores, 0 bytes spill loads
ptxas info    : Used 19 registers, used 1 barriers, 32 bytes smem
ptxas info    : Compile time = 13.263 ms
ptxas info    : Compiling entry function '_Z20async_utchmma_kernelILi2EEvP11BenchResulti' for 'sm_100a'
ptxas info    : Function properties for _Z20async_utchmma_kernelILi2EEvP11BenchResulti
    0 bytes stack frame, 0 bytes spill stores, 0 bytes spill loads
ptxas info    : Used 19 registers, used 1 barriers, 32 bytes smem
ptxas info    : Compile time = 11.539 ms
ptxas info    : Compiling entry function '_Z20async_utchmma_kernelILi1EEvP11BenchResulti' for 'sm_100a'
ptxas info    : Function properties for _Z20async_utchmma_kernelILi1EEvP11BenchResulti
    0 bytes stack frame, 0 bytes spill stores, 0 bytes spill loads
ptxas info    : Used 19 registers, used 1 barriers, 32 bytes smem
ptxas info    : Compile time = 9.083 ms
ptxas info    : Compiling entry function '_Z17async_sttm_kernelILi16EEvP11BenchResulti' for 'sm_100a'
ptxas info    : Function properties for _Z17async_sttm_kernelILi16EEvP11BenchResulti
    0 bytes stack frame, 0 bytes spill stores, 0 bytes spill loads
ptxas info    : Used 50 registers, used 1 barriers, 16 bytes smem
ptxas info    : Compile time = 227.091 ms
ptxas info    : Compiling entry function '_Z17async_sttm_kernelILi8EEvP11BenchResulti' for 'sm_100a'
ptxas info    : Function properties for _Z17async_sttm_kernelILi8EEvP11BenchResulti
    0 bytes stack frame, 0 bytes spill stores, 0 bytes spill loads
ptxas info    : Used 50 registers, used 1 barriers, 16 bytes smem
ptxas info    : Compile time = 85.171 ms
ptxas info    : Compiling entry function '_Z17async_sttm_kernelILi4EEvP11BenchResulti' for 'sm_100a'
ptxas info    : Function properties for _Z17async_sttm_kernelILi4EEvP11BenchResulti
    0 bytes stack frame, 0 bytes spill stores, 0 bytes spill loads
ptxas info    : Used 50 registers, used 1 barriers, 16 bytes smem
ptxas info    : Compile time = 42.654 ms
ptxas info    : Compiling entry function '_Z17async_sttm_kernelILi2EEvP11BenchResulti' for 'sm_100a'
ptxas info    : Function properties for _Z17async_sttm_kernelILi2EEvP11BenchResulti
    0 bytes stack frame, 0 bytes spill stores, 0 bytes spill loads
ptxas info    : Used 50 registers, used 1 barriers, 16 bytes smem
ptxas info    : Compile time = 22.880 ms
ptxas info    : Compiling entry function '_Z17async_sttm_kernelILi1EEvP11BenchResulti' for 'sm_100a'
ptxas info    : Function properties for _Z17async_sttm_kernelILi1EEvP11BenchResulti
    0 bytes stack frame, 0 bytes spill stores, 0 bytes spill loads
ptxas info    : Used 50 registers, used 1 barriers, 16 bytes smem
ptxas info    : Compile time = 11.603 ms
ptxas info    : Compiling entry function '_Z25async_stt_baseline_kernelILi16EEvP11BenchResulti' for 'sm_100a'
ptxas info    : Function properties for _Z25async_stt_baseline_kernelILi16EEvP11BenchResulti
    0 bytes stack frame, 0 bytes spill stores, 0 bytes spill loads
ptxas info    : Used 14 registers, used 0 barriers
ptxas info    : Compile time = 2.515 ms
ptxas info    : Compiling entry function '_Z25async_stt_baseline_kernelILi8EEvP11BenchResulti' for 'sm_100a'
ptxas info    : Function properties for _Z25async_stt_baseline_kernelILi8EEvP11BenchResulti
    0 bytes stack frame, 0 bytes spill stores, 0 bytes spill loads
ptxas info    : Used 14 registers, used 0 barriers
ptxas info    : Compile time = 2.498 ms
ptxas info    : Compiling entry function '_Z25async_stt_baseline_kernelILi4EEvP11BenchResulti' for 'sm_100a'
ptxas info    : Function properties for _Z25async_stt_baseline_kernelILi4EEvP11BenchResulti
    0 bytes stack frame, 0 bytes spill stores, 0 bytes spill loads
ptxas info    : Used 14 registers, used 0 barriers
ptxas info    : Compile time = 2.477 ms
ptxas info    : Compiling entry function '_Z25async_stt_baseline_kernelILi2EEvP11BenchResulti' for 'sm_100a'
ptxas info    : Function properties for _Z25async_stt_baseline_kernelILi2EEvP11BenchResulti
    0 bytes stack frame, 0 bytes spill stores, 0 bytes spill loads
ptxas info    : Used 14 registers, used 0 barriers
ptxas info    : Compile time = 2.501 ms
ptxas info    : Compiling entry function '_Z25async_stt_baseline_kernelILi1EEvP11BenchResulti' for 'sm_100a'
ptxas info    : Function properties for _Z25async_stt_baseline_kernelILi1EEvP11BenchResulti
    0 bytes stack frame, 0 bytes spill stores, 0 bytes spill loads
ptxas info    : Used 14 registers, used 0 barriers
ptxas info    : Compile time = 2.642 ms
ptxas info    : Compiling entry function '_Z16async_stt_kernelILi16EEvP11BenchResulti' for 'sm_100a'
ptxas info    : Function properties for _Z16async_stt_kernelILi16EEvP11BenchResulti
    0 bytes stack frame, 0 bytes spill stores, 0 bytes spill loads
ptxas info    : Used 19 registers, used 1 barriers, 16 bytes smem
ptxas info    : Compile time = 25.924 ms
ptxas info    : Compiling entry function '_Z16async_stt_kernelILi8EEvP11BenchResulti' for 'sm_100a'
ptxas info    : Function properties for _Z16async_stt_kernelILi8EEvP11BenchResulti
    0 bytes stack frame, 0 bytes spill stores, 0 bytes spill loads
ptxas info    : Used 18 registers, used 1 barriers, 16 bytes smem
ptxas info    : Compile time = 16.151 ms
ptxas info    : Compiling entry function '_Z16async_stt_kernelILi4EEvP11BenchResulti' for 'sm_100a'
ptxas info    : Function properties for _Z16async_stt_kernelILi4EEvP11BenchResulti
    0 bytes stack frame, 0 bytes spill stores, 0 bytes spill loads
ptxas info    : Used 18 registers, used 1 barriers, 16 bytes smem
ptxas info    : Compile time = 11.497 ms
ptxas info    : Compiling entry function '_Z16async_stt_kernelILi2EEvP11BenchResulti' for 'sm_100a'
ptxas info    : Function properties for _Z16async_stt_kernelILi2EEvP11BenchResulti
    0 bytes stack frame, 0 bytes spill stores, 0 bytes spill loads
ptxas info    : Used 18 registers, used 1 barriers, 16 bytes smem
ptxas info    : Compile time = 8.580 ms
ptxas info    : Compiling entry function '_Z16async_stt_kernelILi1EEvP11BenchResulti' for 'sm_100a'
ptxas info    : Function properties for _Z16async_stt_kernelILi1EEvP11BenchResulti
    0 bytes stack frame, 0 bytes spill stores, 0 bytes spill loads
ptxas info    : Used 16 registers, used 1 barriers, 16 bytes smem
ptxas info    : Compile time = 7.595 ms
ptxas info    : Compiling entry function '_Z17async_ldtm_kernelILi16EEvP11BenchResulti' for 'sm_100a'
ptxas info    : Function properties for _Z17async_ldtm_kernelILi16EEvP11BenchResulti
    0 bytes stack frame, 0 bytes spill stores, 0 bytes spill loads
ptxas info    : Used 38 registers, used 1 barriers, 16 bytes smem
ptxas info    : Compile time = 24.151 ms
ptxas info    : Compiling entry function '_Z17async_ldtm_kernelILi8EEvP11BenchResulti' for 'sm_100a'
ptxas info    : Function properties for _Z17async_ldtm_kernelILi8EEvP11BenchResulti
    0 bytes stack frame, 0 bytes spill stores, 0 bytes spill loads
ptxas info    : Used 38 registers, used 1 barriers, 16 bytes smem
ptxas info    : Compile time = 14.468 ms
ptxas info    : Compiling entry function '_Z17async_ldtm_kernelILi4EEvP11BenchResulti' for 'sm_100a'
ptxas info    : Function properties for _Z17async_ldtm_kernelILi4EEvP11BenchResulti
    0 bytes stack frame, 0 bytes spill stores, 0 bytes spill loads
ptxas info    : Used 32 registers, used 1 barriers, 16 bytes smem
ptxas info    : Compile time = 10.848 ms
ptxas info    : Compiling entry function '_Z17async_ldtm_kernelILi2EEvP11BenchResulti' for 'sm_100a'
ptxas info    : Function properties for _Z17async_ldtm_kernelILi2EEvP11BenchResulti
    0 bytes stack frame, 0 bytes spill stores, 0 bytes spill loads
ptxas info    : Used 24 registers, used 1 barriers, 16 bytes smem
ptxas info    : Compile time = 7.932 ms
ptxas info    : Compiling entry function '_Z17async_ldtm_kernelILi1EEvP11BenchResulti' for 'sm_100a'
ptxas info    : Function properties for _Z17async_ldtm_kernelILi1EEvP11BenchResulti
    0 bytes stack frame, 0 bytes spill stores, 0 bytes spill loads
ptxas info    : Used 16 registers, used 1 barriers, 16 bytes smem
ptxas info    : Compile time = 6.721 ms
ptxas info    : Compiling entry function '_Z25async_ldt_baseline_kernelILi16EEvP11BenchResulti' for 'sm_100a'
ptxas info    : Function properties for _Z25async_ldt_baseline_kernelILi16EEvP11BenchResulti
    0 bytes stack frame, 0 bytes spill stores, 0 bytes spill loads
ptxas info    : Used 14 registers, used 0 barriers
ptxas info    : Compile time = 2.615 ms
ptxas info    : Compiling entry function '_Z25async_ldt_baseline_kernelILi8EEvP11BenchResulti' for 'sm_100a'
ptxas info    : Function properties for _Z25async_ldt_baseline_kernelILi8EEvP11BenchResulti
    0 bytes stack frame, 0 bytes spill stores, 0 bytes spill loads
ptxas info    : Used 14 registers, used 0 barriers
ptxas info    : Compile time = 2.918 ms
ptxas info    : Compiling entry function '_Z25async_ldt_baseline_kernelILi4EEvP11BenchResulti' for 'sm_100a'
ptxas info    : Function properties for _Z25async_ldt_baseline_kernelILi4EEvP11BenchResulti
    0 bytes stack frame, 0 bytes spill stores, 0 bytes spill loads
ptxas info    : Used 14 registers, used 0 barriers
ptxas info    : Compile time = 2.902 ms
ptxas info    : Compiling entry function '_Z25async_ldt_baseline_kernelILi2EEvP11BenchResulti' for 'sm_100a'
ptxas info    : Function properties for _Z25async_ldt_baseline_kernelILi2EEvP11BenchResulti
    0 bytes stack frame, 0 bytes spill stores, 0 bytes spill loads
ptxas info    : Used 14 registers, used 0 barriers
ptxas info    : Compile time = 2.919 ms
ptxas info    : Compiling entry function '_Z25async_ldt_baseline_kernelILi1EEvP11BenchResulti' for 'sm_100a'
ptxas info    : Function properties for _Z25async_ldt_baseline_kernelILi1EEvP11BenchResulti
    0 bytes stack frame, 0 bytes spill stores, 0 bytes spill loads
ptxas info    : Used 14 registers, used 0 barriers
ptxas info    : Compile time = 2.730 ms
ptxas info    : Compiling entry function '_Z16async_ldt_kernelILi16EEvP11BenchResulti' for 'sm_100a'
ptxas info    : Function properties for _Z16async_ldt_kernelILi16EEvP11BenchResulti
    0 bytes stack frame, 0 bytes spill stores, 0 bytes spill loads
ptxas info    : Used 15 registers, used 1 barriers, 16 bytes smem
ptxas info    : Compile time = 18.467 ms
ptxas info    : Compiling entry function '_Z16async_ldt_kernelILi8EEvP11BenchResulti' for 'sm_100a'
ptxas info    : Function properties for _Z16async_ldt_kernelILi8EEvP11BenchResulti
    0 bytes stack frame, 0 bytes spill stores, 0 bytes spill loads
ptxas info    : Used 15 registers, used 1 barriers, 16 bytes smem
ptxas info    : Compile time = 11.792 ms
ptxas info    : Compiling entry function '_Z16async_ldt_kernelILi4EEvP11BenchResulti' for 'sm_100a'
ptxas info    : Function properties for _Z16async_ldt_kernelILi4EEvP11BenchResulti
    0 bytes stack frame, 0 bytes spill stores, 0 bytes spill loads
ptxas info    : Used 15 registers, used 1 barriers, 16 bytes smem
ptxas info    : Compile time = 8.930 ms
ptxas info    : Compiling entry function '_Z16async_ldt_kernelILi2EEvP11BenchResulti' for 'sm_100a'
ptxas info    : Function properties for _Z16async_ldt_kernelILi2EEvP11BenchResulti
    0 bytes stack frame, 0 bytes spill stores, 0 bytes spill loads
ptxas info    : Used 15 registers, used 1 barriers, 16 bytes smem
ptxas info    : Compile time = 7.726 ms
ptxas info    : Compiling entry function '_Z16async_ldt_kernelILi1EEvP11BenchResulti' for 'sm_100a'
ptxas info    : Function properties for _Z16async_ldt_kernelILi1EEvP11BenchResulti
    0 bytes stack frame, 0 bytes spill stores, 0 bytes spill loads
ptxas info    : Used 16 registers, used 1 barriers, 16 bytes smem
ptxas info    : Compile time = 6.548 ms
ptxas info    : Compiling entry function '_Z27async_utccp_baseline_kernelILi16EEvP11BenchResulti' for 'sm_100a'
ptxas info    : Function properties for _Z27async_utccp_baseline_kernelILi16EEvP11BenchResulti
    0 bytes stack frame, 0 bytes spill stores, 0 bytes spill loads
ptxas info    : Used 17 registers, used 1 barriers, 32 bytes smem
ptxas info    : Compile time = 7.342 ms
ptxas info    : Compiling entry function '_Z27async_utccp_baseline_kernelILi8EEvP11BenchResulti' for 'sm_100a'
ptxas info    : Function properties for _Z27async_utccp_baseline_kernelILi8EEvP11BenchResulti
    0 bytes stack frame, 0 bytes spill stores, 0 bytes spill loads
ptxas info    : Used 17 registers, used 1 barriers, 32 bytes smem
ptxas info    : Compile time = 7.317 ms
ptxas info    : Compiling entry function '_Z27async_utccp_baseline_kernelILi4EEvP11BenchResulti' for 'sm_100a'
ptxas info    : Function properties for _Z27async_utccp_baseline_kernelILi4EEvP11BenchResulti
    0 bytes stack frame, 0 bytes spill stores, 0 bytes spill loads
ptxas info    : Used 17 registers, used 1 barriers, 32 bytes smem
ptxas info    : Compile time = 8.644 ms
ptxas info    : Compiling entry function '_Z27async_utccp_baseline_kernelILi2EEvP11BenchResulti' for 'sm_100a'
ptxas info    : Function properties for _Z27async_utccp_baseline_kernelILi2EEvP11BenchResulti
    0 bytes stack frame, 0 bytes spill stores, 0 bytes spill loads
ptxas info    : Used 17 registers, used 1 barriers, 32 bytes smem
ptxas info    : Compile time = 7.614 ms
ptxas info    : Compiling entry function '_Z27async_utccp_baseline_kernelILi1EEvP11BenchResulti' for 'sm_100a'
ptxas info    : Function properties for _Z27async_utccp_baseline_kernelILi1EEvP11BenchResulti
    0 bytes stack frame, 0 bytes spill stores, 0 bytes spill loads
ptxas info    : Used 17 registers, used 1 barriers, 32 bytes smem
ptxas info    : Compile time = 7.334 ms
ptxas info    : Compiling entry function '_Z18async_utccp_kernelILi16EEvP11BenchResulti' for 'sm_100a'
ptxas info    : Function properties for _Z18async_utccp_kernelILi16EEvP11BenchResulti
    0 bytes stack frame, 0 bytes spill stores, 0 bytes spill loads
ptxas info    : Used 48 registers, used 1 barriers, 32 bytes smem
ptxas info    : Compile time = 63.760 ms
ptxas info    : Compiling entry function '_Z18async_utccp_kernelILi8EEvP11BenchResulti' for 'sm_100a'
ptxas info    : Function properties for _Z18async_utccp_kernelILi8EEvP11BenchResulti
    0 bytes stack frame, 0 bytes spill stores, 0 bytes spill loads
ptxas info    : Used 33 registers, used 1 barriers, 32 bytes smem
ptxas info    : Compile time = 35.784 ms
ptxas info    : Compiling entry function '_Z18async_utccp_kernelILi4EEvP11BenchResulti' for 'sm_100a'
ptxas info    : Function properties for _Z18async_utccp_kernelILi4EEvP11BenchResulti
    0 bytes stack frame, 0 bytes spill stores, 0 bytes spill loads
ptxas info    : Used 25 registers, used 1 barriers, 32 bytes smem
ptxas info    : Compile time = 24.164 ms
ptxas info    : Compiling entry function '_Z18async_utccp_kernelILi2EEvP11BenchResulti' for 'sm_100a'
ptxas info    : Function properties for _Z18async_utccp_kernelILi2EEvP11BenchResulti
    0 bytes stack frame, 0 bytes spill stores, 0 bytes spill loads
ptxas info    : Used 22 registers, used 1 barriers, 32 bytes smem
ptxas info    : Compile time = 18.620 ms
ptxas info    : Compiling entry function '_Z18async_utccp_kernelILi1EEvP11BenchResulti' for 'sm_100a'
ptxas info    : Function properties for _Z18async_utccp_kernelILi1EEvP11BenchResulti
    0 bytes stack frame, 0 bytes spill stores, 0 bytes spill loads
ptxas info    : Used 17 registers, used 1 barriers, 32 bytes smem
ptxas info    : Compile time = 8.044 ms
ptxas info    : Compiling entry function '_Z25async_bar_baseline_kernelILi16EEvP11BenchResulti' for 'sm_100a'
ptxas info    : Function properties for _Z25async_bar_baseline_kernelILi16EEvP11BenchResulti
    0 bytes stack frame, 0 bytes spill stores, 0 bytes spill loads
ptxas info    : Used 16 registers, used 1 barriers
ptxas info    : Compile time = 1.331 ms
ptxas info    : Compiling entry function '_Z25async_bar_baseline_kernelILi8EEvP11BenchResulti' for 'sm_100a'
ptxas info    : Function properties for _Z25async_bar_baseline_kernelILi8EEvP11BenchResulti
    0 bytes stack frame, 0 bytes spill stores, 0 bytes spill loads
ptxas info    : Used 16 registers, used 1 barriers
ptxas info    : Compile time = 1.334 ms
ptxas info    : Compiling entry function '_Z25async_bar_baseline_kernelILi4EEvP11BenchResulti' for 'sm_100a'
ptxas info    : Function properties for _Z25async_bar_baseline_kernelILi4EEvP11BenchResulti
    0 bytes stack frame, 0 bytes spill stores, 0 bytes spill loads
ptxas info    : Used 16 registers, used 1 barriers
ptxas info    : Compile time = 1.320 ms
ptxas info    : Compiling entry function '_Z25async_bar_baseline_kernelILi2EEvP11BenchResulti' for 'sm_100a'
ptxas info    : Function properties for _Z25async_bar_baseline_kernelILi2EEvP11BenchResulti
    0 bytes stack frame, 0 bytes spill stores, 0 bytes spill loads
ptxas info    : Used 16 registers, used 1 barriers
ptxas info    : Compile time = 1.321 ms
ptxas info    : Compiling entry function '_Z25async_bar_baseline_kernelILi1EEvP11BenchResulti' for 'sm_100a'
ptxas info    : Function properties for _Z25async_bar_baseline_kernelILi1EEvP11BenchResulti
    0 bytes stack frame, 0 bytes spill stores, 0 bytes spill loads
ptxas info    : Used 16 registers, used 1 barriers
ptxas info    : Compile time = 1.346 ms
ptxas info    : Compiling entry function '_Z16async_bar_kernelILi16EEvP11BenchResulti' for 'sm_100a'
ptxas info    : Function properties for _Z16async_bar_kernelILi16EEvP11BenchResulti
    0 bytes stack frame, 0 bytes spill stores, 0 bytes spill loads
ptxas info    : Used 14 registers, used 1 barriers
ptxas info    : Compile time = 3.828 ms
ptxas info    : Compiling entry function '_Z16async_bar_kernelILi8EEvP11BenchResulti' for 'sm_100a'
ptxas info    : Function properties for _Z16async_bar_kernelILi8EEvP11BenchResulti
    0 bytes stack frame, 0 bytes spill stores, 0 bytes spill loads
ptxas info    : Used 14 registers, used 1 barriers
ptxas info    : Compile time = 3.393 ms
ptxas info    : Compiling entry function '_Z16async_bar_kernelILi4EEvP11BenchResulti' for 'sm_100a'
ptxas info    : Function properties for _Z16async_bar_kernelILi4EEvP11BenchResulti
    0 bytes stack frame, 0 bytes spill stores, 0 bytes spill loads
ptxas info    : Used 14 registers, used 1 barriers
ptxas info    : Compile time = 5.097 ms
ptxas info    : Compiling entry function '_Z16async_bar_kernelILi2EEvP11BenchResulti' for 'sm_100a'
ptxas info    : Function properties for _Z16async_bar_kernelILi2EEvP11BenchResulti
    0 bytes stack frame, 0 bytes spill stores, 0 bytes spill loads
ptxas info    : Used 14 registers, used 1 barriers
ptxas info    : Compile time = 3.491 ms
ptxas info    : Compiling entry function '_Z16async_bar_kernelILi1EEvP11BenchResulti' for 'sm_100a'
ptxas info    : Function properties for _Z16async_bar_kernelILi1EEvP11BenchResulti
    0 bytes stack frame, 0 bytes spill stores, 0 bytes spill loads
ptxas info    : Used 14 registers, used 1 barriers
ptxas info    : Compile time = 2.688 ms
ptxas info    : Compiling entry function '_Z26async_mbar_baseline_kernelILi16EEvP11BenchResulti' for 'sm_100a'
ptxas info    : Function properties for _Z26async_mbar_baseline_kernelILi16EEvP11BenchResulti
    0 bytes stack frame, 0 bytes spill stores, 0 bytes spill loads
ptxas info    : Used 14 registers, used 0 barriers, 16 bytes smem
ptxas info    : Compile time = 2.704 ms
ptxas info    : Compiling entry function '_Z26async_mbar_baseline_kernelILi8EEvP11BenchResulti' for 'sm_100a'
ptxas info    : Function properties for _Z26async_mbar_baseline_kernelILi8EEvP11BenchResulti
    0 bytes stack frame, 0 bytes spill stores, 0 bytes spill loads
ptxas info    : Used 14 registers, used 0 barriers, 16 bytes smem
ptxas info    : Compile time = 3.665 ms
ptxas info    : Compiling entry function '_Z26async_mbar_baseline_kernelILi4EEvP11BenchResulti' for 'sm_100a'
ptxas info    : Function properties for _Z26async_mbar_baseline_kernelILi4EEvP11BenchResulti
    0 bytes stack frame, 0 bytes spill stores, 0 bytes spill loads
ptxas info    : Used 14 registers, used 0 barriers, 16 bytes smem
ptxas info    : Compile time = 3.676 ms
ptxas info    : Compiling entry function '_Z26async_mbar_baseline_kernelILi2EEvP11BenchResulti' for 'sm_100a'
ptxas info    : Function properties for _Z26async_mbar_baseline_kernelILi2EEvP11BenchResulti
    0 bytes stack frame, 0 bytes spill stores, 0 bytes spill loads
ptxas info    : Used 14 registers, used 0 barriers, 16 bytes smem
ptxas info    : Compile time = 3.549 ms
ptxas info    : Compiling entry function '_Z26async_mbar_baseline_kernelILi1EEvP11BenchResulti' for 'sm_100a'
ptxas info    : Function properties for _Z26async_mbar_baseline_kernelILi1EEvP11BenchResulti
    0 bytes stack frame, 0 bytes spill stores, 0 bytes spill loads
ptxas info    : Used 14 registers, used 0 barriers, 16 bytes smem
ptxas info    : Compile time = 2.711 ms
ptxas info    : Compiling entry function '_Z17async_mbar_kernelILi16EEvP11BenchResulti' for 'sm_100a'
ptxas info    : Function properties for _Z17async_mbar_kernelILi16EEvP11BenchResulti
    0 bytes stack frame, 0 bytes spill stores, 0 bytes spill loads
ptxas info    : Used 14 registers, used 0 barriers, 16 bytes smem
ptxas info    : Compile time = 3.274 ms
ptxas info    : Compiling entry function '_Z17async_mbar_kernelILi8EEvP11BenchResulti' for 'sm_100a'
ptxas info    : Function properties for _Z17async_mbar_kernelILi8EEvP11BenchResulti
    0 bytes stack frame, 0 bytes spill stores, 0 bytes spill loads
ptxas info    : Used 14 registers, used 0 barriers, 16 bytes smem
ptxas info    : Compile time = 2.632 ms
ptxas info    : Compiling entry function '_Z17async_mbar_kernelILi4EEvP11BenchResulti' for 'sm_100a'
ptxas info    : Function properties for _Z17async_mbar_kernelILi4EEvP11BenchResulti
    0 bytes stack frame, 0 bytes spill stores, 0 bytes spill loads
ptxas info    : Used 14 registers, used 0 barriers, 16 bytes smem
ptxas info    : Compile time = 2.295 ms
ptxas info    : Compiling entry function '_Z17async_mbar_kernelILi2EEvP11BenchResulti' for 'sm_100a'
ptxas info    : Function properties for _Z17async_mbar_kernelILi2EEvP11BenchResulti
    0 bytes stack frame, 0 bytes spill stores, 0 bytes spill loads
ptxas info    : Used 14 registers, used 0 barriers, 16 bytes smem
ptxas info    : Compile time = 3.509 ms
ptxas info    : Compiling entry function '_Z17async_mbar_kernelILi1EEvP11BenchResulti' for 'sm_100a'
ptxas info    : Function properties for _Z17async_mbar_kernelILi1EEvP11BenchResulti
    0 bytes stack frame, 0 bytes spill stores, 0 bytes spill loads
ptxas info    : Used 14 registers, used 0 barriers, 16 bytes smem
ptxas info    : Compile time = 3.131 ms
ptxas info    : Compiling entry function '_Z26async_cctl_prefetch_kernelILi16EEvP11BenchResultiPKc' for 'sm_100a'
ptxas info    : Function properties for _Z26async_cctl_prefetch_kernelILi16EEvP11BenchResultiPKc
    0 bytes stack frame, 0 bytes spill stores, 0 bytes spill loads
ptxas info    : Used 16 registers, used 0 barriers
ptxas info    : Compile time = 3.121 ms
ptxas info    : Compiling entry function '_Z26async_cctl_prefetch_kernelILi8EEvP11BenchResultiPKc' for 'sm_100a'
ptxas info    : Function properties for _Z26async_cctl_prefetch_kernelILi8EEvP11BenchResultiPKc
    0 bytes stack frame, 0 bytes spill stores, 0 bytes spill loads
ptxas info    : Used 16 registers, used 0 barriers
ptxas info    : Compile time = 2.563 ms
ptxas info    : Compiling entry function '_Z26async_cctl_prefetch_kernelILi4EEvP11BenchResultiPKc' for 'sm_100a'
ptxas info    : Function properties for _Z26async_cctl_prefetch_kernelILi4EEvP11BenchResultiPKc
    0 bytes stack frame, 0 bytes spill stores, 0 bytes spill loads
ptxas info    : Used 16 registers, used 0 barriers
ptxas info    : Compile time = 2.281 ms
ptxas info    : Compiling entry function '_Z26async_cctl_prefetch_kernelILi2EEvP11BenchResultiPKc' for 'sm_100a'
ptxas info    : Function properties for _Z26async_cctl_prefetch_kernelILi2EEvP11BenchResultiPKc
    0 bytes stack frame, 0 bytes spill stores, 0 bytes spill loads
ptxas info    : Used 16 registers, used 0 barriers
ptxas info    : Compile time = 3.127 ms
ptxas info    : Compiling entry function '_Z26async_cctl_prefetch_kernelILi1EEvP11BenchResultiPKc' for 'sm_100a'
ptxas info    : Function properties for _Z26async_cctl_prefetch_kernelILi1EEvP11BenchResultiPKc
    0 bytes stack frame, 0 bytes spill stores, 0 bytes spill loads
ptxas info    : Used 14 registers, used 0 barriers
ptxas info    : Compile time = 2.482 ms
ptxas info    : Compiling entry function '_Z28async_ldgsts_baseline_kernelILi16EEvP11BenchResulti' for 'sm_100a'
ptxas info    : Function properties for _Z28async_ldgsts_baseline_kernelILi16EEvP11BenchResulti
    0 bytes stack frame, 0 bytes spill stores, 0 bytes spill loads
ptxas info    : Used 14 registers, used 0 barriers
ptxas info    : Compile time = 2.599 ms
ptxas info    : Compiling entry function '_Z28async_ldgsts_baseline_kernelILi8EEvP11BenchResulti' for 'sm_100a'
ptxas info    : Function properties for _Z28async_ldgsts_baseline_kernelILi8EEvP11BenchResulti
    0 bytes stack frame, 0 bytes spill stores, 0 bytes spill loads
ptxas info    : Used 14 registers, used 0 barriers
ptxas info    : Compile time = 2.570 ms
ptxas info    : Compiling entry function '_Z28async_ldgsts_baseline_kernelILi4EEvP11BenchResulti' for 'sm_100a'
ptxas info    : Function properties for _Z28async_ldgsts_baseline_kernelILi4EEvP11BenchResulti
    0 bytes stack frame, 0 bytes spill stores, 0 bytes spill loads
ptxas info    : Used 14 registers, used 0 barriers
ptxas info    : Compile time = 2.584 ms
ptxas info    : Compiling entry function '_Z28async_ldgsts_baseline_kernelILi2EEvP11BenchResulti' for 'sm_100a'
ptxas info    : Function properties for _Z28async_ldgsts_baseline_kernelILi2EEvP11BenchResulti
    0 bytes stack frame, 0 bytes spill stores, 0 bytes spill loads
ptxas info    : Used 14 registers, used 0 barriers
ptxas info    : Compile time = 2.943 ms
ptxas info    : Compiling entry function '_Z28async_ldgsts_baseline_kernelILi1EEvP11BenchResulti' for 'sm_100a'
ptxas info    : Function properties for _Z28async_ldgsts_baseline_kernelILi1EEvP11BenchResulti
    0 bytes stack frame, 0 bytes spill stores, 0 bytes spill loads
ptxas info    : Used 14 registers, used 0 barriers
ptxas info    : Compile time = 3.012 ms
ptxas info    : Compiling entry function '_Z19async_ldgsts_kernelILi16EEvP11BenchResultiPKc' for 'sm_100a'
ptxas info    : Function properties for _Z19async_ldgsts_kernelILi16EEvP11BenchResultiPKc
    0 bytes stack frame, 0 bytes spill stores, 0 bytes spill loads
ptxas info    : Used 18 registers, used 0 barriers
ptxas info    : Compile time = 5.190 ms
ptxas info    : Compiling entry function '_Z19async_ldgsts_kernelILi8EEvP11BenchResultiPKc' for 'sm_100a'
ptxas info    : Function properties for _Z19async_ldgsts_kernelILi8EEvP11BenchResultiPKc
    0 bytes stack frame, 0 bytes spill stores, 0 bytes spill loads
ptxas info    : Used 18 registers, used 0 barriers
ptxas info    : Compile time = 3.997 ms
ptxas info    : Compiling entry function '_Z19async_ldgsts_kernelILi4EEvP11BenchResultiPKc' for 'sm_100a'
ptxas info    : Function properties for _Z19async_ldgsts_kernelILi4EEvP11BenchResultiPKc
    0 bytes stack frame, 0 bytes spill stores, 0 bytes spill loads
ptxas info    : Used 18 registers, used 0 barriers
ptxas info    : Compile time = 3.426 ms
ptxas info    : Compiling entry function '_Z19async_ldgsts_kernelILi2EEvP11BenchResultiPKc' for 'sm_100a'
ptxas info    : Function properties for _Z19async_ldgsts_kernelILi2EEvP11BenchResultiPKc
    0 bytes stack frame, 0 bytes spill stores, 0 bytes spill loads
ptxas info    : Used 18 registers, used 0 barriers
ptxas info    : Compile time = 3.047 ms
ptxas info    : Compiling entry function '_Z19async_ldgsts_kernelILi1EEvP11BenchResultiPKc' for 'sm_100a'
ptxas info    : Function properties for _Z19async_ldgsts_kernelILi1EEvP11BenchResultiPKc
    0 bytes stack frame, 0 bytes spill stores, 0 bytes spill loads
ptxas info    : Used 16 registers, used 0 barriers
ptxas info    : Compile time = 4.296 ms
ptxas info    : Compiling entry function '_Z16async_stl_kernelILi16EEvP11BenchResulti' for 'sm_100a'
ptxas info    : Function properties for _Z16async_stl_kernelILi16EEvP11BenchResulti
    1024 bytes stack frame, 0 bytes spill stores, 0 bytes spill loads
ptxas info    : Used 23 registers, used 0 barriers, 1024 bytes cumulative stack size
ptxas info    : Compile time = 7.499 ms
ptxas info    : Compiling entry function '_Z16async_stl_kernelILi8EEvP11BenchResulti' for 'sm_100a'
ptxas info    : Function properties for _Z16async_stl_kernelILi8EEvP11BenchResulti
    1024 bytes stack frame, 0 bytes spill stores, 0 bytes spill loads
ptxas info    : Used 28 registers, used 0 barriers, 1024 bytes cumulative stack size
ptxas info    : Compile time = 4.535 ms
ptxas info    : Compiling entry function '_Z16async_stl_kernelILi4EEvP11BenchResulti' for 'sm_100a'
ptxas info    : Function properties for _Z16async_stl_kernelILi4EEvP11BenchResulti
    1024 bytes stack frame, 0 bytes spill stores, 0 bytes spill loads
ptxas info    : Used 18 registers, used 0 barriers, 1024 bytes cumulative stack size
ptxas info    : Compile time = 3.282 ms
ptxas info    : Compiling entry function '_Z16async_stl_kernelILi2EEvP11BenchResulti' for 'sm_100a'
ptxas info    : Function properties for _Z16async_stl_kernelILi2EEvP11BenchResulti
    1024 bytes stack frame, 0 bytes spill stores, 0 bytes spill loads
ptxas info    : Used 18 registers, used 0 barriers, 1024 bytes cumulative stack size
ptxas info    : Compile time = 2.707 ms
ptxas info    : Compiling entry function '_Z16async_stl_kernelILi1EEvP11BenchResulti' for 'sm_100a'
ptxas info    : Function properties for _Z16async_stl_kernelILi1EEvP11BenchResulti
    1024 bytes stack frame, 0 bytes spill stores, 0 bytes spill loads
ptxas info    : Used 18 registers, used 0 barriers, 1024 bytes cumulative stack size
ptxas info    : Compile time = 2.323 ms
ptxas info    : Compiling entry function '_Z16async_ldl_kernelILi16EEvP11BenchResulti' for 'sm_100a'
ptxas info    : Function properties for _Z16async_ldl_kernelILi16EEvP11BenchResulti
    1024 bytes stack frame, 0 bytes spill stores, 0 bytes spill loads
ptxas info    : Used 26 registers, used 0 barriers, 1024 bytes cumulative stack size
ptxas info    : Compile time = 15.552 ms
ptxas info    : Compiling entry function '_Z16async_ldl_kernelILi8EEvP11BenchResulti' for 'sm_100a'
ptxas info    : Function properties for _Z16async_ldl_kernelILi8EEvP11BenchResulti
    1024 bytes stack frame, 0 bytes spill stores, 0 bytes spill loads
ptxas info    : Used 26 registers, used 0 barriers, 1024 bytes cumulative stack size
ptxas info    : Compile time = 14.542 ms
ptxas info    : Compiling entry function '_Z16async_ldl_kernelILi4EEvP11BenchResulti' for 'sm_100a'
ptxas info    : Function properties for _Z16async_ldl_kernelILi4EEvP11BenchResulti
    1024 bytes stack frame, 0 bytes spill stores, 0 bytes spill loads
ptxas info    : Used 26 registers, used 0 barriers, 1024 bytes cumulative stack size
ptxas info    : Compile time = 13.759 ms
ptxas info    : Compiling entry function '_Z16async_ldl_kernelILi2EEvP11BenchResulti' for 'sm_100a'
ptxas info    : Function properties for _Z16async_ldl_kernelILi2EEvP11BenchResulti
    1024 bytes stack frame, 0 bytes spill stores, 0 bytes spill loads
ptxas info    : Used 26 registers, used 0 barriers, 1024 bytes cumulative stack size
ptxas info    : Compile time = 13.040 ms
ptxas info    : Compiling entry function '_Z16async_ldl_kernelILi1EEvP11BenchResulti' for 'sm_100a'
ptxas info    : Function properties for _Z16async_ldl_kernelILi1EEvP11BenchResulti
    1024 bytes stack frame, 0 bytes spill stores, 0 bytes spill loads
ptxas info    : Used 26 registers, used 0 barriers, 1024 bytes cumulative stack size
ptxas info    : Compile time = 12.392 ms
ptxas info    : Compiling entry function '_Z16async_stg_kernelILi16EEvP11BenchResultiPm' for 'sm_100a'
ptxas info    : Function properties for _Z16async_stg_kernelILi16EEvP11BenchResultiPm
    0 bytes stack frame, 0 bytes spill stores, 0 bytes spill loads
ptxas info    : Used 22 registers, used 0 barriers
ptxas info    : Compile time = 5.790 ms
ptxas info    : Compiling entry function '_Z16async_stg_kernelILi8EEvP11BenchResultiPm' for 'sm_100a'
ptxas info    : Function properties for _Z16async_stg_kernelILi8EEvP11BenchResultiPm
    0 bytes stack frame, 0 bytes spill stores, 0 bytes spill loads
ptxas info    : Used 22 registers, used 0 barriers
ptxas info    : Compile time = 4.012 ms
ptxas info    : Compiling entry function '_Z16async_stg_kernelILi4EEvP11BenchResultiPm' for 'sm_100a'
ptxas info    : Function properties for _Z16async_stg_kernelILi4EEvP11BenchResultiPm
    0 bytes stack frame, 0 bytes spill stores, 0 bytes spill loads
ptxas info    : Used 22 registers, used 0 barriers
ptxas info    : Compile time = 3.252 ms
ptxas info    : Compiling entry function '_Z16async_stg_kernelILi2EEvP11BenchResultiPm' for 'sm_100a'
ptxas info    : Function properties for _Z16async_stg_kernelILi2EEvP11BenchResultiPm
    0 bytes stack frame, 0 bytes spill stores, 0 bytes spill loads
ptxas info    : Used 22 registers, used 0 barriers
ptxas info    : Compile time = 5.134 ms
ptxas info    : Compiling entry function '_Z16async_stg_kernelILi1EEvP11BenchResultiPm' for 'sm_100a'
ptxas info    : Function properties for _Z16async_stg_kernelILi1EEvP11BenchResultiPm
    0 bytes stack frame, 0 bytes spill stores, 0 bytes spill loads
ptxas info    : Used 18 registers, used 0 barriers
ptxas info    : Compile time = 3.410 ms
ptxas info    : Compiling entry function '_Z16async_ldg_kernelILi16EEvP11BenchResultiPKm' for 'sm_100a'
ptxas info    : Function properties for _Z16async_ldg_kernelILi16EEvP11BenchResultiPKm
    0 bytes stack frame, 0 bytes spill stores, 0 bytes spill loads
ptxas info    : Used 18 registers, used 0 barriers
ptxas info    : Compile time = 6.635 ms
ptxas info    : Compiling entry function '_Z16async_ldg_kernelILi8EEvP11BenchResultiPKm' for 'sm_100a'
ptxas info    : Function properties for _Z16async_ldg_kernelILi8EEvP11BenchResultiPKm
    0 bytes stack frame, 0 bytes spill stores, 0 bytes spill loads
ptxas info    : Used 18 registers, used 0 barriers
ptxas info    : Compile time = 4.085 ms
ptxas info    : Compiling entry function '_Z16async_ldg_kernelILi4EEvP11BenchResultiPKm' for 'sm_100a'
ptxas info    : Function properties for _Z16async_ldg_kernelILi4EEvP11BenchResultiPKm
    0 bytes stack frame, 0 bytes spill stores, 0 bytes spill loads
ptxas info    : Used 18 registers, used 0 barriers
ptxas info    : Compile time = 3.289 ms
ptxas info    : Compiling entry function '_Z16async_ldg_kernelILi2EEvP11BenchResultiPKm' for 'sm_100a'
ptxas info    : Function properties for _Z16async_ldg_kernelILi2EEvP11BenchResultiPKm
    0 bytes stack frame, 0 bytes spill stores, 0 bytes spill loads
ptxas info    : Used 18 registers, used 0 barriers
ptxas info    : Compile time = 3.153 ms
ptxas info    : Compiling entry function '_Z16async_ldg_kernelILi1EEvP11BenchResultiPKm' for 'sm_100a'
ptxas info    : Function properties for _Z16async_ldg_kernelILi1EEvP11BenchResultiPKm
    0 bytes stack frame, 0 bytes spill stores, 0 bytes spill loads
ptxas info    : Used 18 registers, used 0 barriers
ptxas info    : Compile time = 2.781 ms
ptxas info    : Compiling entry function '_Z26async_bulk_prefetch_kernelILi16EEvP11BenchResultiPKci' for 'sm_100a'
ptxas info    : Function properties for _Z26async_bulk_prefetch_kernelILi16EEvP11BenchResultiPKci
    0 bytes stack frame, 0 bytes spill stores, 0 bytes spill loads
ptxas info    : Used 16 registers, used 0 barriers
ptxas info    : Compile time = 5.736 ms
ptxas info    : Compiling entry function '_Z26async_bulk_prefetch_kernelILi8EEvP11BenchResultiPKci' for 'sm_100a'
ptxas info    : Function properties for _Z26async_bulk_prefetch_kernelILi8EEvP11BenchResultiPKci
    0 bytes stack frame, 0 bytes spill stores, 0 bytes spill loads
ptxas info    : Used 16 registers, used 0 barriers
ptxas info    : Compile time = 3.792 ms
ptxas info    : Compiling entry function '_Z26async_bulk_prefetch_kernelILi4EEvP11BenchResultiPKci' for 'sm_100a'
ptxas info    : Function properties for _Z26async_bulk_prefetch_kernelILi4EEvP11BenchResultiPKci
    0 bytes stack frame, 0 bytes spill stores, 0 bytes spill loads
ptxas info    : Used 16 registers, used 0 barriers
ptxas info    : Compile time = 3.000 ms
ptxas info    : Compiling entry function '_Z26async_bulk_prefetch_kernelILi2EEvP11BenchResultiPKci' for 'sm_100a'
ptxas info    : Function properties for _Z26async_bulk_prefetch_kernelILi2EEvP11BenchResultiPKci
    0 bytes stack frame, 0 bytes spill stores, 0 bytes spill loads
ptxas info    : Used 16 registers, used 0 barriers
ptxas info    : Compile time = 2.530 ms
ptxas info    : Compiling entry function '_Z26async_bulk_prefetch_kernelILi1EEvP11BenchResultiPKci' for 'sm_100a'
ptxas info    : Function properties for _Z26async_bulk_prefetch_kernelILi1EEvP11BenchResultiPKci
    0 bytes stack frame, 0 bytes spill stores, 0 bytes spill loads
ptxas info    : Used 14 registers, used 0 barriers
ptxas info    : Compile time = 3.352 ms
ptxas info    : Compiling entry function '_Z24async_bulk_reduce_kernelILi16EEvP11BenchResultiPfi' for 'sm_100a'
ptxas info    : Function properties for _Z24async_bulk_reduce_kernelILi16EEvP11BenchResultiPfi
    0 bytes stack frame, 0 bytes spill stores, 0 bytes spill loads
ptxas info    : Used 14 registers, used 0 barriers
ptxas info    : Compile time = 10.496 ms
ptxas info    : Compiling entry function '_Z24async_bulk_reduce_kernelILi8EEvP11BenchResultiPfi' for 'sm_100a'
ptxas info    : Function properties for _Z24async_bulk_reduce_kernelILi8EEvP11BenchResultiPfi
    0 bytes stack frame, 0 bytes spill stores, 0 bytes spill loads
ptxas info    : Used 14 registers, used 0 barriers
ptxas info    : Compile time = 6.495 ms
ptxas info    : Compiling entry function '_Z24async_bulk_reduce_kernelILi4EEvP11BenchResultiPfi' for 'sm_100a'
ptxas info    : Function properties for _Z24async_bulk_reduce_kernelILi4EEvP11BenchResultiPfi
    0 bytes stack frame, 0 bytes spill stores, 0 bytes spill loads
ptxas info    : Used 14 registers, used 0 barriers
ptxas info    : Compile time = 4.654 ms
ptxas info    : Compiling entry function '_Z24async_bulk_reduce_kernelILi2EEvP11BenchResultiPfi' for 'sm_100a'
ptxas info    : Function properties for _Z24async_bulk_reduce_kernelILi2EEvP11BenchResultiPfi
    0 bytes stack frame, 0 bytes spill stores, 0 bytes spill loads
ptxas info    : Used 14 registers, used 0 barriers
ptxas info    : Compile time = 3.483 ms
ptxas info    : Compiling entry function '_Z24async_bulk_reduce_kernelILi1EEvP11BenchResultiPfi' for 'sm_100a'
ptxas info    : Function properties for _Z24async_bulk_reduce_kernelILi1EEvP11BenchResultiPfi
    0 bytes stack frame, 0 bytes spill stores, 0 bytes spill loads
ptxas info    : Used 14 registers, used 0 barriers
ptxas info    : Compile time = 2.866 ms
ptxas info    : Compiling entry function '_Z22async_bulk_copy_kernelILi16EEvP11BenchResultiPci' for 'sm_100a'
ptxas info    : Function properties for _Z22async_bulk_copy_kernelILi16EEvP11BenchResultiPci
    0 bytes stack frame, 0 bytes spill stores, 0 bytes spill loads
ptxas info    : Used 14 registers, used 0 barriers
ptxas info    : Compile time = 5.332 ms
ptxas info    : Compiling entry function '_Z22async_bulk_copy_kernelILi8EEvP11BenchResultiPci' for 'sm_100a'
ptxas info    : Function properties for _Z22async_bulk_copy_kernelILi8EEvP11BenchResultiPci
    0 bytes stack frame, 0 bytes spill stores, 0 bytes spill loads
ptxas info    : Used 14 registers, used 0 barriers
ptxas info    : Compile time = 3.600 ms
ptxas info    : Compiling entry function '_Z22async_bulk_copy_kernelILi4EEvP11BenchResultiPci' for 'sm_100a'
ptxas info    : Function properties for _Z22async_bulk_copy_kernelILi4EEvP11BenchResultiPci
    0 bytes stack frame, 0 bytes spill stores, 0 bytes spill loads
ptxas info    : Used 14 registers, used 0 barriers
ptxas info    : Compile time = 2.898 ms
ptxas info    : Compiling entry function '_Z22async_bulk_copy_kernelILi2EEvP11BenchResultiPci' for 'sm_100a'
ptxas info    : Function properties for _Z22async_bulk_copy_kernelILi2EEvP11BenchResultiPci
    0 bytes stack frame, 0 bytes spill stores, 0 bytes spill loads
ptxas info    : Used 14 registers, used 0 barriers
ptxas info    : Compile time = 2.480 ms
ptxas info    : Compiling entry function '_Z22async_bulk_copy_kernelILi1EEvP11BenchResultiPci' for 'sm_100a'
ptxas info    : Function properties for _Z22async_bulk_copy_kernelILi1EEvP11BenchResultiPci
    0 bytes stack frame, 0 bytes spill stores, 0 bytes spill loads
ptxas info    : Used 14 registers, used 0 barriers
ptxas info    : Compile time = 2.254 ms
ptxas info    : Compiling entry function '_Z23async_tma_reduce_kernelILi16EEvP11BenchResulti14CUtensorMap_sti' for 'sm_100a'
ptxas info    : Function properties for _Z23async_tma_reduce_kernelILi16EEvP11BenchResulti14CUtensorMap_sti
    0 bytes stack frame, 0 bytes spill stores, 0 bytes spill loads
ptxas info    : Used 14 registers, used 0 barriers
ptxas info    : Compile time = 10.686 ms
ptxas info    : Compiling entry function '_Z23async_tma_reduce_kernelILi8EEvP11BenchResulti14CUtensorMap_sti' for 'sm_100a'
ptxas info    : Function properties for _Z23async_tma_reduce_kernelILi8EEvP11BenchResulti14CUtensorMap_sti
    0 bytes stack frame, 0 bytes spill stores, 0 bytes spill loads
ptxas info    : Used 14 registers, used 0 barriers
ptxas info    : Compile time = 7.703 ms
ptxas info    : Compiling entry function '_Z23async_tma_reduce_kernelILi4EEvP11BenchResulti14CUtensorMap_sti' for 'sm_100a'
ptxas info    : Function properties for _Z23async_tma_reduce_kernelILi4EEvP11BenchResulti14CUtensorMap_sti
    0 bytes stack frame, 0 bytes spill stores, 0 bytes spill loads
ptxas info    : Used 14 registers, used 0 barriers
ptxas info    : Compile time = 5.765 ms
ptxas info    : Compiling entry function '_Z23async_tma_reduce_kernelILi2EEvP11BenchResulti14CUtensorMap_sti' for 'sm_100a'
ptxas info    : Function properties for _Z23async_tma_reduce_kernelILi2EEvP11BenchResulti14CUtensorMap_sti
    0 bytes stack frame, 0 bytes spill stores, 0 bytes spill loads
ptxas info    : Used 14 registers, used 0 barriers
ptxas info    : Compile time = 9.761 ms
ptxas info    : Compiling entry function '_Z23async_tma_reduce_kernelILi1EEvP11BenchResulti14CUtensorMap_sti' for 'sm_100a'
ptxas info    : Function properties for _Z23async_tma_reduce_kernelILi1EEvP11BenchResulti14CUtensorMap_sti
    0 bytes stack frame, 0 bytes spill stores, 0 bytes spill loads
ptxas info    : Used 14 registers, used 0 barriers
ptxas info    : Compile time = 8.048 ms
ptxas info    : Compiling entry function '_Z31async_tma_store_baseline_kernelILi16EEvP11BenchResulti' for 'sm_100a'
ptxas info    : Function properties for _Z31async_tma_store_baseline_kernelILi16EEvP11BenchResulti
    0 bytes stack frame, 0 bytes spill stores, 0 bytes spill loads
ptxas info    : Used 14 registers, used 0 barriers
ptxas info    : Compile time = 2.987 ms
ptxas info    : Compiling entry function '_Z31async_tma_store_baseline_kernelILi8EEvP11BenchResulti' for 'sm_100a'
ptxas info    : Function properties for _Z31async_tma_store_baseline_kernelILi8EEvP11BenchResulti
    0 bytes stack frame, 0 bytes spill stores, 0 bytes spill loads
ptxas info    : Used 14 registers, used 0 barriers
ptxas info    : Compile time = 2.769 ms
ptxas info    : Compiling entry function '_Z31async_tma_store_baseline_kernelILi4EEvP11BenchResulti' for 'sm_100a'
ptxas info    : Function properties for _Z31async_tma_store_baseline_kernelILi4EEvP11BenchResulti
    0 bytes stack frame, 0 bytes spill stores, 0 bytes spill loads
ptxas info    : Used 14 registers, used 0 barriers
ptxas info    : Compile time = 2.549 ms
ptxas info    : Compiling entry function '_Z31async_tma_store_baseline_kernelILi2EEvP11BenchResulti' for 'sm_100a'
ptxas info    : Function properties for _Z31async_tma_store_baseline_kernelILi2EEvP11BenchResulti
    0 bytes stack frame, 0 bytes spill stores, 0 bytes spill loads
ptxas info    : Used 14 registers, used 0 barriers
ptxas info    : Compile time = 2.704 ms
ptxas info    : Compiling entry function '_Z31async_tma_store_baseline_kernelILi1EEvP11BenchResulti' for 'sm_100a'
ptxas info    : Function properties for _Z31async_tma_store_baseline_kernelILi1EEvP11BenchResulti
    0 bytes stack frame, 0 bytes spill stores, 0 bytes spill loads
ptxas info    : Used 14 registers, used 0 barriers
ptxas info    : Compile time = 2.596 ms
ptxas info    : Compiling entry function '_Z22async_tma_store_kernelILi16EEvP11BenchResulti14CUtensorMap_sti' for 'sm_100a'
ptxas info    : Function properties for _Z22async_tma_store_kernelILi16EEvP11BenchResulti14CUtensorMap_sti
    0 bytes stack frame, 0 bytes spill stores, 0 bytes spill loads
ptxas info    : Used 14 registers, used 0 barriers
ptxas info    : Compile time = 8.253 ms
ptxas info    : Compiling entry function '_Z22async_tma_store_kernelILi8EEvP11BenchResulti14CUtensorMap_sti' for 'sm_100a'
ptxas info    : Function properties for _Z22async_tma_store_kernelILi8EEvP11BenchResulti14CUtensorMap_sti
    0 bytes stack frame, 0 bytes spill stores, 0 bytes spill loads
ptxas info    : Used 14 registers, used 0 barriers
ptxas info    : Compile time = 5.682 ms
ptxas info    : Compiling entry function '_Z22async_tma_store_kernelILi4EEvP11BenchResulti14CUtensorMap_sti' for 'sm_100a'
ptxas info    : Function properties for _Z22async_tma_store_kernelILi4EEvP11BenchResulti14CUtensorMap_sti
    0 bytes stack frame, 0 bytes spill stores, 0 bytes spill loads
ptxas info    : Used 14 registers, used 0 barriers
ptxas info    : Compile time = 4.877 ms
ptxas info    : Compiling entry function '_Z22async_tma_store_kernelILi2EEvP11BenchResulti14CUtensorMap_sti' for 'sm_100a'
ptxas info    : Function properties for _Z22async_tma_store_kernelILi2EEvP11BenchResulti14CUtensorMap_sti
    0 bytes stack frame, 0 bytes spill stores, 0 bytes spill loads
ptxas info    : Used 14 registers, used 0 barriers
ptxas info    : Compile time = 7.055 ms
ptxas info    : Compiling entry function '_Z22async_tma_store_kernelILi1EEvP11BenchResulti14CUtensorMap_sti' for 'sm_100a'
ptxas info    : Function properties for _Z22async_tma_store_kernelILi1EEvP11BenchResulti14CUtensorMap_sti
    0 bytes stack frame, 0 bytes spill stores, 0 bytes spill loads
ptxas info    : Used 14 registers, used 0 barriers
ptxas info    : Compile time = 5.915 ms
ptxas info    : Compiling entry function '_Z18async_dummy_kernelILi16EEvP11BenchResulti' for 'sm_100a'
ptxas info    : Function properties for _Z18async_dummy_kernelILi16EEvP11BenchResulti
    0 bytes stack frame, 0 bytes spill stores, 0 bytes spill loads
ptxas info    : Used 16 registers, used 0 barriers
ptxas info    : Compile time = 1.089 ms
ptxas info    : Compiling entry function '_Z18async_dummy_kernelILi8EEvP11BenchResulti' for 'sm_100a'
ptxas info    : Function properties for _Z18async_dummy_kernelILi8EEvP11BenchResulti
    0 bytes stack frame, 0 bytes spill stores, 0 bytes spill loads
ptxas info    : Used 16 registers, used 0 barriers
ptxas info    : Compile time = 1.083 ms
ptxas info    : Compiling entry function '_Z18async_dummy_kernelILi4EEvP11BenchResulti' for 'sm_100a'
ptxas info    : Function properties for _Z18async_dummy_kernelILi4EEvP11BenchResulti
    0 bytes stack frame, 0 bytes spill stores, 0 bytes spill loads
ptxas info    : Used 16 registers, used 0 barriers
ptxas info    : Compile time = 1.074 ms
ptxas info    : Compiling entry function '_Z18async_dummy_kernelILi2EEvP11BenchResulti' for 'sm_100a'
ptxas info    : Function properties for _Z18async_dummy_kernelILi2EEvP11BenchResulti
    0 bytes stack frame, 0 bytes spill stores, 0 bytes spill loads
ptxas info    : Used 16 registers, used 0 barriers
ptxas info    : Compile time = 1.084 ms
ptxas info    : Compiling entry function '_Z18async_dummy_kernelILi1EEvP11BenchResulti' for 'sm_100a'
ptxas info    : Function properties for _Z18async_dummy_kernelILi1EEvP11BenchResulti
    0 bytes stack frame, 0 bytes spill stores, 0 bytes spill loads
ptxas info    : Used 16 registers, used 0 barriers
ptxas info    : Compile time = 1.080 ms
ptxas info    : Compiling entry function '_Z25async_tma_prefetch_kernelILi16EEvP11BenchResulti14CUtensorMap_stPKil' for 'sm_100a'
ptxas info    : Function properties for _Z25async_tma_prefetch_kernelILi16EEvP11BenchResulti14CUtensorMap_stPKil
    0 bytes stack frame, 0 bytes spill stores, 0 bytes spill loads
ptxas info    : Used 18 registers, used 0 barriers
ptxas info    : Compile time = 8.926 ms
ptxas info    : Compiling entry function '_Z25async_tma_prefetch_kernelILi8EEvP11BenchResulti14CUtensorMap_stPKil' for 'sm_100a'
ptxas info    : Function properties for _Z25async_tma_prefetch_kernelILi8EEvP11BenchResulti14CUtensorMap_stPKil
    0 bytes stack frame, 0 bytes spill stores, 0 bytes spill loads
ptxas info    : Used 18 registers, used 0 barriers
ptxas info    : Compile time = 10.198 ms
ptxas info    : Compiling entry function '_Z25async_tma_prefetch_kernelILi4EEvP11BenchResulti14CUtensorMap_stPKil' for 'sm_100a'
ptxas info    : Function properties for _Z25async_tma_prefetch_kernelILi4EEvP11BenchResulti14CUtensorMap_stPKil
    0 bytes stack frame, 0 bytes spill stores, 0 bytes spill loads
ptxas info    : Used 20 registers, used 0 barriers
ptxas info    : Compile time = 11.073 ms
ptxas info    : Compiling entry function '_Z25async_tma_prefetch_kernelILi2EEvP11BenchResulti14CUtensorMap_stPKil' for 'sm_100a'
ptxas info    : Function properties for _Z25async_tma_prefetch_kernelILi2EEvP11BenchResulti14CUtensorMap_stPKil
    0 bytes stack frame, 0 bytes spill stores, 0 bytes spill loads
ptxas info    : Used 18 registers, used 0 barriers
ptxas info    : Compile time = 6.923 ms
ptxas info    : Compiling entry function '_Z25async_tma_prefetch_kernelILi1EEvP11BenchResulti14CUtensorMap_stPKil' for 'sm_100a'
ptxas info    : Function properties for _Z25async_tma_prefetch_kernelILi1EEvP11BenchResulti14CUtensorMap_stPKil
    0 bytes stack frame, 0 bytes spill stores, 0 bytes spill loads
ptxas info    : Used 16 registers, used 0 barriers
ptxas info    : Compile time = 6.599 ms
ptxas info    : Compiling entry function '_Z30async_tma_load_baseline_kernelILi16EEvP11BenchResulti' for 'sm_100a'
ptxas info    : Function properties for _Z30async_tma_load_baseline_kernelILi16EEvP11BenchResulti
    0 bytes stack frame, 0 bytes spill stores, 0 bytes spill loads
ptxas info    : Used 16 registers, used 0 barriers, 16 bytes smem
ptxas info    : Compile time = 3.016 ms
ptxas info    : Compiling entry function '_Z30async_tma_load_baseline_kernelILi8EEvP11BenchResulti' for 'sm_100a'
ptxas info    : Function properties for _Z30async_tma_load_baseline_kernelILi8EEvP11BenchResulti
    0 bytes stack frame, 0 bytes spill stores, 0 bytes spill loads
ptxas info    : Used 16 registers, used 0 barriers, 16 bytes smem
ptxas info    : Compile time = 2.990 ms
ptxas info    : Compiling entry function '_Z30async_tma_load_baseline_kernelILi4EEvP11BenchResulti' for 'sm_100a'
ptxas info    : Function properties for _Z30async_tma_load_baseline_kernelILi4EEvP11BenchResulti
    0 bytes stack frame, 0 bytes spill stores, 0 bytes spill loads
ptxas info    : Used 16 registers, used 0 barriers, 16 bytes smem
ptxas info    : Compile time = 3.003 ms
ptxas info    : Compiling entry function '_Z30async_tma_load_baseline_kernelILi2EEvP11BenchResulti' for 'sm_100a'
ptxas info    : Function properties for _Z30async_tma_load_baseline_kernelILi2EEvP11BenchResulti
    0 bytes stack frame, 0 bytes spill stores, 0 bytes spill loads
ptxas info    : Used 16 registers, used 0 barriers, 16 bytes smem
ptxas info    : Compile time = 3.007 ms
ptxas info    : Compiling entry function '_Z30async_tma_load_baseline_kernelILi1EEvP11BenchResulti' for 'sm_100a'
ptxas info    : Function properties for _Z30async_tma_load_baseline_kernelILi1EEvP11BenchResulti
    0 bytes stack frame, 0 bytes spill stores, 0 bytes spill loads
ptxas info    : Used 16 registers, used 0 barriers, 16 bytes smem
ptxas info    : Compile time = 2.987 ms
ptxas info    : Compiling entry function '_Z21async_tma_load_kernelILi16EEvP11BenchResulti14CUtensorMap_stPKiil' for 'sm_100a'
ptxas info    : Function properties for _Z21async_tma_load_kernelILi16EEvP11BenchResulti14CUtensorMap_stPKiil
    0 bytes stack frame, 0 bytes spill stores, 0 bytes spill loads
ptxas info    : Used 23 registers, used 0 barriers
ptxas info    : Compile time = 6.479 ms
ptxas info    : Compiling entry function '_Z21async_tma_load_kernelILi8EEvP11BenchResulti14CUtensorMap_stPKiil' for 'sm_100a'
ptxas info    : Function properties for _Z21async_tma_load_kernelILi8EEvP11BenchResulti14CUtensorMap_stPKiil
    0 bytes stack frame, 0 bytes spill stores, 0 bytes spill loads
ptxas info    : Used 22 registers, used 0 barriers
ptxas info    : Compile time = 14.754 ms
ptxas info    : Compiling entry function '_Z21async_tma_load_kernelILi4EEvP11BenchResulti14CUtensorMap_stPKiil' for 'sm_100a'
ptxas info    : Function properties for _Z21async_tma_load_kernelILi4EEvP11BenchResulti14CUtensorMap_stPKiil
    0 bytes stack frame, 0 bytes spill stores, 0 bytes spill loads
ptxas info    : Used 18 registers, used 0 barriers
ptxas info    : Compile time = 15.738 ms
ptxas info    : Compiling entry function '_Z21async_tma_load_kernelILi2EEvP11BenchResulti14CUtensorMap_stPKiil' for 'sm_100a'
ptxas info    : Function properties for _Z21async_tma_load_kernelILi2EEvP11BenchResulti14CUtensorMap_stPKiil
    0 bytes stack frame, 0 bytes spill stores, 0 bytes spill loads
ptxas info    : Used 18 registers, used 0 barriers
ptxas info    : Compile time = 12.867 ms
ptxas info    : Compiling entry function '_Z21async_tma_load_kernelILi1EEvP11BenchResulti14CUtensorMap_stPKiil' for 'sm_100a'
ptxas info    : Function properties for _Z21async_tma_load_kernelILi1EEvP11BenchResulti14CUtensorMap_stPKiil
    0 bytes stack frame, 0 bytes spill stores, 0 bytes spill loads
ptxas info    : Used 20 registers, used 0 barriers
ptxas info    : Compile time = 13.517 ms
ptxas info    : Compiling entry function '_Z21sync_sts_proxy_kernelP11BenchResulti' for 'sm_100a'
ptxas info    : Function properties for _Z21sync_sts_proxy_kernelP11BenchResulti
    0 bytes stack frame, 0 bytes spill stores, 0 bytes spill loads
ptxas info    : Used 16 registers, used 1 barriers, 16 bytes smem
ptxas info    : Compile time = 3.560 ms
ptxas info    : Compiling entry function '_Z15sync_lds_kernelP11BenchResulti' for 'sm_100a'
ptxas info    : Function properties for _Z15sync_lds_kernelP11BenchResulti
    0 bytes stack frame, 0 bytes spill stores, 0 bytes spill loads
ptxas info    : Used 16 registers, used 1 barriers, 16 bytes smem
ptxas info    : Compile time = 3.225 ms
ptxas info    : Compiling entry function '_Z15sync_s2r_kernelP11BenchResulti' for 'sm_100a'
ptxas info    : Function properties for _Z15sync_s2r_kernelP11BenchResulti
    0 bytes stack frame, 0 bytes spill stores, 0 bytes spill loads
ptxas info    : Used 16 registers, used 0 barriers
ptxas info    : Compile time = 2.648 ms
ptxas info    : Compiling entry function '_Z16sync_shfl_kernelP11BenchResulti' for 'sm_100a'
ptxas info    : Function properties for _Z16sync_shfl_kernelP11BenchResulti
    0 bytes stack frame, 0 bytes spill stores, 0 bytes spill loads
ptxas info    : Used 24 registers, used 0 barriers
ptxas info    : Compile time = 3.047 ms
ptxas info    : Compiling entry function '_Z15sync_mov_kernelP11BenchResulti' for 'sm_100a'
ptxas info    : Function properties for _Z15sync_mov_kernelP11BenchResulti
    0 bytes stack frame, 0 bytes spill stores, 0 bytes spill loads
ptxas info    : Used 16 registers, used 0 barriers
ptxas info    : Compile time = 1.670 ms
ptxas info    : Compiling entry function '_Z16sync_lop3_kernelP11BenchResulti' for 'sm_100a'
ptxas info    : Function properties for _Z16sync_lop3_kernelP11BenchResulti
    0 bytes stack frame, 0 bytes spill stores, 0 bytes spill loads
ptxas info    : Used 16 registers, used 0 barriers
ptxas info    : Compile time = 3.796 ms
ptxas info    : Compiling entry function '_Z17sync_iadd3_kernelP11BenchResulti' for 'sm_100a'
ptxas info    : Function properties for _Z17sync_iadd3_kernelP11BenchResulti
    0 bytes stack frame, 0 bytes spill stores, 0 bytes spill loads
ptxas info    : Used 16 registers, used 0 barriers
ptxas info    : Compile time = 3.152 ms
ptxas info    : Compiling entry function '_Z16sync_imad_kernelP11BenchResulti' for 'sm_100a'
ptxas info    : Function properties for _Z16sync_imad_kernelP11BenchResulti
    0 bytes stack frame, 0 bytes spill stores, 0 bytes spill loads
ptxas info    : Used 16 registers, used 0 barriers
ptxas info    : Compile time = 3.241 ms
ptxas info    : Compiling entry function '_Z16sync_mufu_kernelP11BenchResulti' for 'sm_100a'
ptxas info    : Function properties for _Z16sync_mufu_kernelP11BenchResulti
    0 bytes stack frame, 0 bytes spill stores, 0 bytes spill loads
ptxas info    : Used 16 registers, used 0 barriers
ptxas info    : Compile time = 2.530 ms
ptxas info    : Compiling entry function '_Z17sync_hfma2_kernelP11BenchResulti' for 'sm_100a'
ptxas info    : Function properties for _Z17sync_hfma2_kernelP11BenchResulti
    0 bytes stack frame, 0 bytes spill stores, 0 bytes spill loads
ptxas info    : Used 16 registers, used 0 barriers
ptxas info    : Compile time = 3.112 ms
ptxas info    : Compiling entry function '_Z16sync_fmul_kernelP11BenchResulti' for 'sm_100a'
ptxas info    : Function properties for _Z16sync_fmul_kernelP11BenchResulti
    0 bytes stack frame, 0 bytes spill stores, 0 bytes spill loads
ptxas info    : Used 16 registers, used 0 barriers
ptxas info    : Compile time = 2.559 ms
ptxas info    : Compiling entry function '_Z16sync_fadd_kernelP11BenchResulti' for 'sm_100a'
ptxas info    : Function properties for _Z16sync_fadd_kernelP11BenchResulti
    0 bytes stack frame, 0 bytes spill stores, 0 bytes spill loads
ptxas info    : Used 16 registers, used 0 barriers
ptxas info    : Compile time = 2.539 ms
ptxas info    : Compiling entry function '_Z16sync_ffma_kernelP11BenchResulti' for 'sm_100a'
ptxas info    : Function properties for _Z16sync_ffma_kernelP11BenchResulti
    0 bytes stack frame, 0 bytes spill stores, 0 bytes spill loads
ptxas info    : Used 16 registers, used 0 barriers
ptxas info    : Compile time = 2.746 ms
ptxas info    : Compiling entry function '_Z25sync_warp_baseline_kernelP11BenchResulti' for 'sm_100a'
ptxas info    : Function properties for _Z25sync_warp_baseline_kernelP11BenchResulti
    0 bytes stack frame, 0 bytes spill stores, 0 bytes spill loads
ptxas info    : Used 16 registers, used 0 barriers
ptxas info    : Compile time = 1.541 ms
ptxas info    : Compiling entry function '_Z27sync_scalar_baseline_kernelP11BenchResulti' for 'sm_100a'
ptxas info    : Function properties for _Z27sync_scalar_baseline_kernelP11BenchResulti
    0 bytes stack frame, 0 bytes spill stores, 0 bytes spill loads
ptxas info    : Used 16 registers, used 0 barriers
ptxas info    : Compile time = 1.252 ms
ptxas info    : Compiling entry function '_Z12power_kernelPdi' for 'sm_100a'
ptxas info    : Function properties for _Z12power_kernelPdi
    0 bytes stack frame, 0 bytes spill stores, 0 bytes spill loads
ptxas info    : Used 10 registers, used 0 barriers
ptxas info    : Compile time = 1.362 ms
/root/bench/tensor_map_utils.cuh: In function ‘CUresult (* get_cuTensorMapEncodeTiled())(CUtensorMap*, CUtensorMapDataType, cuuint32_t, void*, const cuuint64_t*, const cuuint64_t*, const cuuint32_t*, const cuuint32_t*, CUtensorMapInterleave, CUtensorMapSwizzle, CUtensorMapL2promotion, CUtensorMapFloatOOBfill)’:
/root/bench/tensor_map_utils.cuh:34:40: warning: ‘cudaError_t cudaGetDriverEntryPoint(const char*, void**, long long unsigned int, cudaDriverEntryPointQueryResult*)’ is deprecated [-Wdeprecated-declarations]
   34 |     CUDA_CHECK(cudaGetDriverEntryPoint(
      |                 ~~~~~~~~~~~~~~~~~~~~~~~^                                                              
/usr/local/cuda/bin/../targets/x86_64-linux/include/cuda_runtime_api.h:13101:46: note: declared here
13101 | extern __CUDA_DEPRECATED __host__ cudaError_t CUDARTAPI cudaGetDriverEntryPoint(const char *symbol, void **funcPtr, unsigned long long flags, enum cudaDriverEntryPointQueryResult *driverStatus = NULL);
      |                                              ^~~~~~~~~~~~~~~~~~~~~~~


--- runtime log ---
[measure] sync_ffma (sync)
  run 1/9: 887727 cycles 452320.0 ns
  run 2/9: 888078 cycles 452576.0 ns
  run 3/9: 888035 cycles 452480.0 ns
  run 4/9: 888067 cycles 452640.0 ns
  run 5/9: 887727 cycles 452640.0 ns
  run 6/9: 887727 cycles 452768.0 ns
  run 7/9: 887727 cycles 452832.0 ns
  run 8/9: 887727 cycles 452896.0 ns
  run 9/9: 888061 cycles 453120.0 ns
  run 1/9: 3 cycles 0.0 ns
  run 2/9: 3 cycles 0.0 ns
  run 3/9: 3 cycles 0.0 ns
  run 4/9: 3 cycles 0.0 ns
  run 5/9: 3 cycles 0.0 ns
  run 6/9: 3 cycles 0.0 ns
  run 7/9: 3 cycles 0.0 ns
  run 8/9: 3 cycles 0.0 ns
  run 9/9: 3 cycles 0.0 ns
[measure] sync_fadd (sync)
  run 1/9: 887955 cycles 452832.0 ns
  run 2/9: 888066 cycles 452416.0 ns
  run 3/9: 887726 cycles 452320.0 ns
  run 4/9: 887726 cycles 452384.0 ns
  run 5/9: 887726 cycles 452192.0 ns
  run 6/9: 887726 cycles 452384.0 ns
  run 7/9: 888061 cycles 452384.0 ns
  run 8/9: 888086 cycles 452448.0 ns
  run 9/9: 888042 cycles 452480.0 ns
  run 1/9: 3 cycles 0.0 ns
  run 2/9: 3 cycles 32.0 ns
  run 3/9: 3 cycles 0.0 ns
  run 4/9: 3 cycles 0.0 ns
  run 5/9: 3 cycles 0.0 ns
  run 6/9: 3 cycles 0.0 ns
  run 7/9: 3 cycles 0.0 ns
  run 8/9: 3 cycles 32.0 ns
  run 9/9: 3 cycles 0.0 ns
[measure] sync_fmul (sync)
  run 1/9: 887726 cycles 452256.0 ns
  run 2/9: 887726 cycles 452640.0 ns
  run 3/9: 887726 cycles 452064.0 ns
  run 4/9: 887726 cycles 452320.0 ns
  run 5/9: 888054 cycles 452544.0 ns
  run 6/9: 888082 cycles 452480.0 ns
  run 7/9: 888041 cycles 452512.0 ns
  run 8/9: 888073 cycles 452608.0 ns
  run 9/9: 887726 cycles 452352.0 ns
  run 1/9: 3 cycles 0.0 ns
  run 2/9: 3 cycles 0.0 ns
  run 3/9: 3 cycles 0.0 ns
  run 4/9: 3 cycles 0.0 ns
  run 5/9: 3 cycles 0.0 ns
  run 6/9: 3 cycles 0.0 ns
  run 7/9: 3 cycles 0.0 ns
  run 8/9: 3 cycles 0.0 ns
  run 9/9: 3 cycles 0.0 ns
[measure] sync_hfma2 (sync)
  run 1/9: 887735 cycles 452448.0 ns
  run 2/9: 887732 cycles 452352.0 ns
  run 3/9: 888039 cycles 452512.0 ns
  run 4/9: 888081 cycles 452512.0 ns
  run 5/9: 888040 cycles 452512.0 ns
  run 6/9: 888075 cycles 452576.0 ns
  run 7/9: 887727 cycles 452256.0 ns
  run 8/9: 887727 cycles 452320.0 ns
  run 9/9: 887727 cycles 452256.0 ns
  run 1/9: 3 cycles 0.0 ns
  run 2/9: 3 cycles 0.0 ns
  run 3/9: 3 cycles 0.0 ns
  run 4/9: 3 cycles 0.0 ns
  run 5/9: 3 cycles 0.0 ns
  run 6/9: 3 cycles 0.0 ns
  run 7/9: 3 cycles 0.0 ns
  run 8/9: 3 cycles 0.0 ns
  run 9/9: 3 cycles 0.0 ns
[measure] sync_mufu (sync)
  run 1/9: 3400464 cycles 1732640.0 ns
  run 2/9: 3400566 cycles 1733728.0 ns
  run 3/9: 3400530 cycles 1731808.0 ns
  run 4/9: 3400549 cycles 1732288.0 ns
  run 5/9: 3400218 cycles 1732480.0 ns
  run 6/9: 3400219 cycles 1732416.0 ns
  run 7/9: 3400219 cycles 1732608.0 ns
  run 8/9: 3400219 cycles 1732288.0 ns
  run 9/9: 3400551 cycles 1732544.0 ns
  run 1/9: 3 cycles 0.0 ns
  run 2/9: 3 cycles 0.0 ns
  run 3/9: 3 cycles 0.0 ns
  run 4/9: 3 cycles 0.0 ns
  run 5/9: 3 cycles 0.0 ns
  run 6/9: 3 cycles 0.0 ns
  run 7/9: 3 cycles 32.0 ns
  run 8/9: 3 cycles 0.0 ns
  run 9/9: 3 cycles 32.0 ns
[measure] sync_imad (sync)
  run 1/9: 887728 cycles 452416.0 ns
  run 2/9: 888067 cycles 452480.0 ns
  run 3/9: 887727 cycles 452320.0 ns
  run 4/9: 887727 cycles 452320.0 ns
  run 5/9: 887727 cycles 452416.0 ns
  run 6/9: 887727 cycles 452256.0 ns
  run 7/9: 888055 cycles 452512.0 ns
  run 8/9: 888080 cycles 452608.0 ns
  run 9/9: 888039 cycles 452416.0 ns
  run 1/9: 3 cycles 0.0 ns
  run 2/9: 3 cycles 32.0 ns
  run 3/9: 3 cycles 0.0 ns
  run 4/9: 3 cycles 0.0 ns
  run 5/9: 3 cycles 0.0 ns
  run 6/9: 3 cycles 0.0 ns
  run 7/9: 3 cycles 0.0 ns
  run 8/9: 3 cycles 0.0 ns
  run 9/9: 3 cycles 0.0 ns
[measure] sync_iadd3 (sync)
  run 1/9: 350243 cycles 178496.0 ns
  run 2/9: 350242 cycles 178400.0 ns
  run 3/9: 350242 cycles 178304.0 ns
  run 4/9: 350242 cycles 178432.0 ns
  run 5/9: 350560 cycles 178624.0 ns
  run 6/9: 350599 cycles 178656.0 ns
  run 7/9: 350563 cycles 178528.0 ns
  run 8/9: 350588 cycles 178656.0 ns
  run 9/9: 350242 cycles 178496.0 ns
  run 1/9: 3 cycles 0.0 ns
  run 2/9: 3 cycles 0.0 ns
  run 3/9: 3 cycles 0.0 ns
  run 4/9: 3 cycles 0.0 ns
  run 5/9: 3 cycles 0.0 ns
  run 6/9: 3 cycles 0.0 ns
  run 7/9: 3 cycles 32.0 ns
  run 8/9: 3 cycles 0.0 ns
  run 9/9: 3 cycles 0.0 ns
[measure] sync_lop3 (sync)
  run 1/9: 887727 cycles 452224.0 ns
  run 2/9: 887727 cycles 452384.0 ns
  run 3/9: 888042 cycles 452448.0 ns
  run 4/9: 888081 cycles 452384.0 ns
  run 5/9: 888047 cycles 452448.0 ns
  run 6/9: 888077 cycles 452288.0 ns
  run 7/9: 887726 cycles 452352.0 ns
  run 8/9: 887727 cycles 452128.0 ns
  run 9/9: 887727 cycles 452512.0 ns
  run 1/9: 3 cycles 0.0 ns
  run 2/9: 3 cycles 0.0 ns
  run 3/9: 3 cycles 0.0 ns
  run 4/9: 3 cycles 0.0 ns
  run 5/9: 3 cycles 0.0 ns
  run 6/9: 3 cycles 0.0 ns
  run 7/9: 3 cycles 0.0 ns
  run 8/9: 3 cycles 0.0 ns
  run 9/9: 3 cycles 0.0 ns
[measure] sync_mov (sync)
  run 1/9: 6 cycles 0.0 ns
  run 2/9: 6 cycles 0.0 ns
  run 3/9: 6 cycles 32.0 ns
  run 4/9: 6 cycles 0.0 ns
  run 5/9: 6 cycles 0.0 ns
  run 6/9: 6 cycles 0.0 ns
  run 7/9: 6 cycles 0.0 ns
  run 8/9: 6 cycles 0.0 ns
  run 9/9: 6 cycles 0.0 ns
  run 1/9: 3 cycles 0.0 ns
  run 2/9: 3 cycles 0.0 ns
  run 3/9: 3 cycles 0.0 ns
  run 4/9: 3 cycles 0.0 ns
  run 5/9: 3 cycles 0.0 ns
  run 6/9: 3 cycles 0.0 ns
  run 7/9: 3 cycles 0.0 ns
  run 8/9: 3 cycles 0.0 ns
  run 9/9: 3 cycles 0.0 ns
[measure] sync_shfl (sync)
  run 1/9: 5200228 cycles 2649184.0 ns
  run 2/9: 5200576 cycles 2649696.0 ns
  run 3/9: 5200229 cycles 2649408.0 ns
  run 4/9: 5200229 cycles 2649568.0 ns
  run 5/9: 5200228 cycles 2650016.0 ns
  run 6/9: 5200229 cycles 2649088.0 ns
  run 7/9: 5200563 cycles 2649536.0 ns
  run 8/9: 5200598 cycles 2649696.0 ns
  run 9/9: 5200556 cycles 2649984.0 ns
  run 1/9: 34 cycles 0.0 ns
  run 2/9: 34 cycles 0.0 ns
  run 3/9: 34 cycles 0.0 ns
  run 4/9: 34 cycles 0.0 ns
  run 5/9: 34 cycles 0.0 ns
  run 6/9: 34 cycles 0.0 ns
  run 7/9: 34 cycles 32.0 ns
  run 8/9: 34 cycles 0.0 ns
  run 9/9: 34 cycles 0.0 ns
[measure] sync_s2r (sync)
  run 1/9: 487738 cycles 248576.0 ns
  run 2/9: 487738 cycles 248416.0 ns
  run 3/9: 487738 cycles 248512.0 ns
  run 4/9: 487738 cycles 248608.0 ns
  run 5/9: 488064 cycles 248608.0 ns
  run 6/9: 488102 cycles 248704.0 ns
  run 7/9: 488054 cycles 248608.0 ns
  run 8/9: 488087 cycles 248704.0 ns
  run 9/9: 487738 cycles 248480.0 ns
  run 1/9: 3 cycles 0.0 ns
  run 2/9: 3 cycles 0.0 ns
  run 3/9: 3 cycles 0.0 ns
  run 4/9: 3 cycles 0.0 ns
  run 5/9: 3 cycles 32.0 ns
  run 6/9: 3 cycles 32.0 ns
  run 7/9: 3 cycles 0.0 ns
  run 8/9: 3 cycles 0.0 ns
  run 9/9: 3 cycles 0.0 ns
[measure] sync_lds (sync)
  run 1/9: 487762 cycles 248640.0 ns
  run 2/9: 487762 cycles 248480.0 ns
  run 3/9: 488048 cycles 248576.0 ns
  run 4/9: 488064 cycles 248704.0 ns
  run 5/9: 488044 cycles 248896.0 ns
  run 6/9: 488065 cycles 248768.0 ns
  run 7/9: 487762 cycles 248416.0 ns
  run 8/9: 487762 cycles 248416.0 ns
  run 9/9: 487762 cycles 248448.0 ns
  run 1/9: 3 cycles 0.0 ns
  run 2/9: 3 cycles 0.0 ns
  run 3/9: 3 cycles 32.0 ns
  run 4/9: 3 cycles 0.0 ns
  run 5/9: 3 cycles 0.0 ns
  run 6/9: 3 cycles 0.0 ns
  run 7/9: 3 cycles 0.0 ns
  run 8/9: 3 cycles 0.0 ns
  run 9/9: 3 cycles 0.0 ns
[measure] sync_sts (sync)
  run 1/9: 1037754 cycles 528800.0 ns
  run 2/9: 1038052 cycles 528928.0 ns
  run 3/9: 1038017 cycles 528896.0 ns
  run 4/9: 1038046 cycles 528960.0 ns
  run 5/9: 1037750 cycles 528768.0 ns
  run 6/9: 1037750 cycles 528832.0 ns
  run 7/9: 1037750 cycles 528608.0 ns
  run 8/9: 1037750 cycles 528768.0 ns
  run 9/9: 1038033 cycles 528832.0 ns
  run 1/9: 487968 cycles 248608.0 ns
  run 2/9: 488028 cycles 248768.0 ns
  run 3/9: 488064 cycles 248736.0 ns
  run 4/9: 487762 cycles 248416.0 ns
  run 5/9: 487762 cycles 248704.0 ns
  run 6/9: 487762 cycles 248448.0 ns
  run 7/9: 487762 cycles 248608.0 ns
  run 8/9: 488041 cycles 248544.0 ns
  run 9/9: 488074 cycles 248736.0 ns
[measure] async_tma_load (async)
  run 1/9: 2917664 cycles 1486592.0 ns
  run 2/9: 2917707 cycles 1486592.0 ns
  run 3/9: 2922682 cycles 1489056.0 ns
  run 4/9: 2914804 cycles 1485216.0 ns
  run 5/9: 2918999 cycles 1487232.0 ns
  run 6/9: 2917467 cycles 1486528.0 ns
  run 7/9: 2915048 cycles 1485248.0 ns
  run 8/9: 2918726 cycles 1487168.0 ns
  run 9/9: 2917816 cycles 1486464.0 ns
  run 1/9: 454796 cycles 231808.0 ns
  run 2/9: 454797 cycles 231776.0 ns
  run 3/9: 454797 cycles 231808.0 ns
  run 4/9: 454797 cycles 231712.0 ns
  run 5/9: 454797 cycles 231680.0 ns
  run 6/9: 455015 cycles 231840.0 ns
  run 7/9: 455050 cycles 231968.0 ns
  run 8/9: 455003 cycles 231744.0 ns
  run 9/9: 455017 cycles 231776.0 ns
  run 1/9: 3674649 cycles 1872512.0 ns
  run 2/9: 3672980 cycles 1871584.0 ns
  run 3/9: 3677533 cycles 1873888.0 ns
  run 4/9: 3672889 cycles 1871456.0 ns
  run 5/9: 3669839 cycles 1871072.0 ns
  run 6/9: 3678103 cycles 1873920.0 ns
  run 7/9: 3672739 cycles 1870688.0 ns
  run 8/9: 3672950 cycles 1871712.0 ns
  run 9/9: 3670846 cycles 1870272.0 ns
  run 1/9: 454796 cycles 231616.0 ns
  run 2/9: 454797 cycles 231552.0 ns
  run 3/9: 454797 cycles 231584.0 ns
  run 4/9: 454998 cycles 231680.0 ns
  run 5/9: 455048 cycles 231680.0 ns
  run 6/9: 455000 cycles 231744.0 ns
  run 7/9: 455030 cycles 231904.0 ns
  run 8/9: 454797 cycles 231616.0 ns
  run 9/9: 454797 cycles 231744.0 ns
  run 1/9: 5096510 cycles 2596768.0 ns
  run 2/9: 5086151 cycles 2591648.0 ns
  run 3/9: 5101764 cycles 2600160.0 ns
  run 4/9: 5102442 cycles 2599328.0 ns
  run 5/9: 5103963 cycles 2600416.0 ns
  run 6/9: 5094692 cycles 2596032.0 ns
  run 7/9: 5102032 cycles 2600928.0 ns
  run 8/9: 5109353 cycles 2602016.0 ns
  run 9/9: 5107070 cycles 2602016.0 ns
  run 1/9: 454796 cycles 231680.0 ns
  run 2/9: 455005 cycles 231904.0 ns
  run 3/9: 455034 cycles 232096.0 ns
  run 4/9: 454985 cycles 231712.0 ns
  run 5/9: 455041 cycles 231904.0 ns
  run 6/9: 454797 cycles 231776.0 ns
  run 7/9: 454797 cycles 231648.0 ns
  run 8/9: 454797 cycles 232160.0 ns
  run 9/9: 454797 cycles 231840.0 ns
  run 1/9: 7991010 cycles 4070528.0 ns
  run 2/9: 7989664 cycles 4070752.0 ns
  run 3/9: 7989963 cycles 4071136.0 ns
  run 4/9: 7989667 cycles 4071200.0 ns
  run 5/9: 7990219 cycles 4071328.0 ns
  run 6/9: 7989477 cycles 4071328.0 ns
  run 7/9: 7990363 cycles 4070912.0 ns
  run 8/9: 7989897 cycles 4071488.0 ns
  run 9/9: 7989917 cycles 4071456.0 ns
  run 1/9: 454796 cycles 231680.0 ns
  run 2/9: 454989 cycles 231680.0 ns
  run 3/9: 455019 cycles 231744.0 ns
  run 4/9: 454797 cycles 231616.0 ns
  run 5/9: 454797 cycles 231680.0 ns
  run 6/9: 454797 cycles 231840.0 ns
  run 7/9: 454797 cycles 231808.0 ns
  run 8/9: 455014 cycles 231936.0 ns
  run 9/9: 455036 cycles 231808.0 ns
  run 1/9: 16467903 cycles 8390880.0 ns
  run 2/9: 16468955 cycles 8390688.0 ns
  run 3/9: 16469117 cycles 8391072.0 ns
  run 4/9: 16466327 cycles 8390176.0 ns
  run 5/9: 16468214 cycles 8390816.0 ns
  run 6/9: 16468569 cycles 8390592.0 ns
  run 7/9: 16468657 cycles 8390784.0 ns
  run 8/9: 16468049 cycles 8390016.0 ns
  run 9/9: 16468756 cycles 8390720.0 ns
  run 1/9: 454796 cycles 231680.0 ns
  run 2/9: 454797 cycles 231680.0 ns
  run 3/9: 454797 cycles 231744.0 ns
  run 4/9: 454797 cycles 231744.0 ns
  run 5/9: 454797 cycles 231808.0 ns
  run 6/9: 455020 cycles 231776.0 ns
  run 7/9: 455043 cycles 231744.0 ns
  run 8/9: 455006 cycles 231776.0 ns
  run 9/9: 455031 cycles 232032.0 ns
[measure] async_tma_prefetch (async)
  run 1/9: 461356 cycles 234944.0 ns
  run 2/9: 460832 cycles 234752.0 ns
  run 3/9: 460825 cycles 234848.0 ns
  run 4/9: 460833 cycles 234816.0 ns
  run 5/9: 461168 cycles 234944.0 ns
  run 6/9: 461198 cycles 235008.0 ns
  run 7/9: 461169 cycles 234976.0 ns
  run 8/9: 461188 cycles 234816.0 ns
  run 9/9: 460826 cycles 234880.0 ns
  run 1/9: 3 cycles 0.0 ns
  run 2/9: 3 cycles 0.0 ns
  run 3/9: 3 cycles 0.0 ns
  run 4/9: 3 cycles 0.0 ns
  run 5/9: 3 cycles 0.0 ns
  run 6/9: 3 cycles 0.0 ns
  run 7/9: 3 cycles 0.0 ns
  run 8/9: 3 cycles 0.0 ns
  run 9/9: 3 cycles 0.0 ns
  run 1/9: 921201 cycles 469408.0 ns
  run 2/9: 921122 cycles 469408.0 ns
  run 3/9: 921458 cycles 469440.0 ns
  run 4/9: 921489 cycles 469536.0 ns
  run 5/9: 921449 cycles 469440.0 ns
  run 6/9: 921480 cycles 469568.0 ns
  run 7/9: 921108 cycles 469376.0 ns
  run 8/9: 921109 cycles 469376.0 ns
  run 9/9: 921102 cycles 469248.0 ns
  run 1/9: 3 cycles 0.0 ns
  run 2/9: 3 cycles 0.0 ns
  run 3/9: 3 cycles 32.0 ns
  run 4/9: 3 cycles 0.0 ns
  run 5/9: 3 cycles 0.0 ns
  run 6/9: 3 cycles 0.0 ns
  run 7/9: 3 cycles 0.0 ns
  run 8/9: 3 cycles 0.0 ns
  run 9/9: 3 cycles 0.0 ns
  run 1/9: 1883371 cycles 959680.0 ns
  run 2/9: 1883391 cycles 959392.0 ns
  run 3/9: 1883309 cycles 959456.0 ns
  run 4/9: 1883319 cycles 959488.0 ns
  run 5/9: 1882966 cycles 959424.0 ns
  run 6/9: 1882944 cycles 959296.0 ns
  run 7/9: 1882960 cycles 959424.0 ns
  run 8/9: 1882922 cycles 959424.0 ns
  run 9/9: 1883301 cycles 959488.0 ns
  run 1/9: 3 cycles 0.0 ns
  run 2/9: 3 cycles 0.0 ns
  run 3/9: 3 cycles 0.0 ns
  run 4/9: 3 cycles 32.0 ns
  run 5/9: 3 cycles 0.0 ns
  run 6/9: 3 cycles 0.0 ns
  run 7/9: 3 cycles 0.0 ns
  run 8/9: 3 cycles 0.0 ns
  run 9/9: 3 cycles 0.0 ns
  run 1/9: 3732973 cycles 1901600.0 ns
  run 2/9: 3733285 cycles 1901920.0 ns
  run 3/9: 3732867 cycles 1901856.0 ns
  run 4/9: 3732843 cycles 1901888.0 ns
  run 5/9: 3732853 cycles 1901888.0 ns
  run 6/9: 3732836 cycles 1901824.0 ns
  run 7/9: 3733199 cycles 1901888.0 ns
  run 8/9: 3733238 cycles 1902048.0 ns
  run 9/9: 3733210 cycles 1902112.0 ns
  run 1/9: 3 cycles 32.0 ns
  run 2/9: 3 cycles 0.0 ns
  run 3/9: 3 cycles 0.0 ns
  run 4/9: 3 cycles 0.0 ns
  run 5/9: 3 cycles 0.0 ns
  run 6/9: 3 cycles 0.0 ns
  run 7/9: 3 cycles 32.0 ns
  run 8/9: 3 cycles 0.0 ns
  run 9/9: 3 cycles 0.0 ns
  run 1/9: 7461416 cycles 3801952.0 ns
  run 2/9: 7461362 cycles 3801728.0 ns
  run 3/9: 7461337 cycles 3801760.0 ns
  run 4/9: 7461320 cycles 3801760.0 ns
  run 5/9: 7461683 cycles 3801696.0 ns
  run 6/9: 7461717 cycles 3801696.0 ns
  run 7/9: 7461662 cycles 3801792.0 ns
  run 8/9: 7461705 cycles 3801696.0 ns
  run 9/9: 7461337 cycles 3801632.0 ns
  run 1/9: 3 cycles 0.0 ns
  run 2/9: 3 cycles 0.0 ns
  run 3/9: 3 cycles 0.0 ns
  run 4/9: 3 cycles 32.0 ns
  run 5/9: 3 cycles 0.0 ns
  run 6/9: 3 cycles 32.0 ns
  run 7/9: 3 cycles 0.0 ns
  run 8/9: 3 cycles 0.0 ns
  run 9/9: 3 cycles 0.0 ns
[measure] async_tma_store (async)
  run 1/9: 298384 cycles 152064.0 ns
  run 2/9: 298311 cycles 152064.0 ns
  run 3/9: 298311 cycles 151904.0 ns
  run 4/9: 298311 cycles 152032.0 ns
  run 5/9: 298287 cycles 151968.0 ns
  run 6/9: 298287 cycles 152000.0 ns
  run 7/9: 298287 cycles 152000.0 ns
  run 8/9: 298287 cycles 151968.0 ns
  run 9/9: 298287 cycles 151968.0 ns
  run 1/9: 283872 cycles 144608.0 ns
  run 2/9: 284183 cycles 144832.0 ns
  run 3/9: 284217 cycles 144896.0 ns
  run 4/9: 284178 cycles 144736.0 ns
  run 5/9: 284210 cycles 144832.0 ns
  run 6/9: 283865 cycles 144704.0 ns
  run 7/9: 283865 cycles 144576.0 ns
  run 8/9: 283865 cycles 144768.0 ns
  run 9/9: 283865 cycles 144640.0 ns
  run 1/9: 303085 cycles 154336.0 ns
  run 2/9: 302931 cycles 154336.0 ns
  run 3/9: 302931 cycles 154336.0 ns
  run 4/9: 302931 cycles 154432.0 ns
  run 5/9: 302895 cycles 154240.0 ns
  run 6/9: 302892 cycles 154400.0 ns
  run 7/9: 302892 cycles 154272.0 ns
  run 8/9: 302892 cycles 154432.0 ns
  run 9/9: 302892 cycles 154272.0 ns
  run 1/9: 283872 cycles 144608.0 ns
  run 2/9: 284184 cycles 144768.0 ns
  run 3/9: 284215 cycles 144800.0 ns
  run 4/9: 283869 cycles 144608.0 ns
  run 5/9: 283865 cycles 144544.0 ns
  run 6/9: 283865 cycles 144704.0 ns
  run 7/9: 283865 cycles 144640.0 ns
  run 8/9: 284192 cycles 144992.0 ns
  run 9/9: 284227 cycles 144736.0 ns
  run 1/9: 686292 cycles 349504.0 ns
  run 2/9: 686294 cycles 349792.0 ns
  run 3/9: 686294 cycles 349568.0 ns
  run 4/9: 686294 cycles 349696.0 ns
  run 5/9: 686281 cycles 349760.0 ns
  run 6/9: 686281 cycles 349568.0 ns
  run 7/9: 686281 cycles 349632.0 ns
  run 8/9: 686281 cycles 349696.0 ns
  run 9/9: 686281 cycles 349664.0 ns
  run 1/9: 283872 cycles 144608.0 ns
  run 2/9: 283869 cycles 144640.0 ns
  run 3/9: 283869 cycles 144704.0 ns
  run 4/9: 283869 cycles 144640.0 ns
  run 5/9: 283865 cycles 144672.0 ns
  run 6/9: 284191 cycles 144864.0 ns
  run 7/9: 284232 cycles 144896.0 ns
  run 8/9: 284180 cycles 144736.0 ns
  run 9/9: 284211 cycles 144800.0 ns
  run 1/9: 1116339 cycles 568800.0 ns
  run 2/9: 1116339 cycles 568800.0 ns
  run 3/9: 1116339 cycles 568768.0 ns
  run 4/9: 1116339 cycles 568800.0 ns
  run 5/9: 1116326 cycles 568800.0 ns
  run 6/9: 1116326 cycles 568768.0 ns
  run 7/9: 1116326 cycles 568768.0 ns
  run 8/9: 1116326 cycles 568768.0 ns
  run 9/9: 1116326 cycles 568864.0 ns
  run 1/9: 283872 cycles 144608.0 ns
  run 2/9: 283869 cycles 144704.0 ns
  run 3/9: 283869 cycles 144512.0 ns
  run 4/9: 284193 cycles 144704.0 ns
  run 5/9: 284222 cycles 144832.0 ns
  run 6/9: 284181 cycles 144800.0 ns
  run 7/9: 284216 cycles 144768.0 ns
  run 8/9: 283865 cycles 144640.0 ns
  run 9/9: 283865 cycles 144736.0 ns
  run 1/9: 1974522 cycles 1006016.0 ns
  run 2/9: 1974451 cycles 1005984.0 ns
  run 3/9: 1974451 cycles 1006080.0 ns
  run 4/9: 1974451 cycles 1006048.0 ns
  run 5/9: 1974438 cycles 1005888.0 ns
  run 6/9: 1974438 cycles 1006112.0 ns
  run 7/9: 1974438 cycles 1006080.0 ns
  run 8/9: 1974438 cycles 1006144.0 ns
  run 9/9: 1974438 cycles 1005952.0 ns
  run 1/9: 283872 cycles 144736.0 ns
  run 2/9: 284185 cycles 144768.0 ns
  run 3/9: 284217 cycles 144800.0 ns
  run 4/9: 284178 cycles 144800.0 ns
  run 5/9: 284214 cycles 144736.0 ns
  run 6/9: 283865 cycles 144704.0 ns
  run 7/9: 283865 cycles 144544.0 ns
  run 8/9: 283865 cycles 144640.0 ns
  run 9/9: 283865 cycles 144640.0 ns
[measure] async_tma_reduce (async)
  run 1/9: 546247 cycles 278432.0 ns
  run 2/9: 546109 cycles 278272.0 ns
  run 3/9: 546109 cycles 278208.0 ns
  run 4/9: 546109 cycles 278080.0 ns
  run 5/9: 546086 cycles 278240.0 ns
  run 6/9: 546086 cycles 278208.0 ns
  run 7/9: 546086 cycles 278272.0 ns
  run 8/9: 546086 cycles 278272.0 ns
  run 9/9: 546086 cycles 278176.0 ns
  run 1/9: 284028 cycles 144768.0 ns
  run 2/9: 284206 cycles 144768.0 ns
  run 3/9: 283869 cycles 144640.0 ns
  run 4/9: 283869 cycles 144544.0 ns
  run 5/9: 283865 cycles 144736.0 ns
  run 6/9: 283865 cycles 144544.0 ns
  run 7/9: 284198 cycles 144768.0 ns
  run 8/9: 284228 cycles 144800.0 ns
  run 9/9: 284187 cycles 144768.0 ns
  run 1/9: 906723 cycles 461888.0 ns
  run 2/9: 906536 cycles 461856.0 ns
  run 3/9: 906536 cycles 461952.0 ns
  run 4/9: 906536 cycles 461824.0 ns
  run 5/9: 906536 cycles 461856.0 ns
  run 6/9: 906536 cycles 461952.0 ns
  run 7/9: 906536 cycles 461952.0 ns
  run 8/9: 906536 cycles 461888.0 ns
  run 9/9: 906536 cycles 461984.0 ns
  run 1/9: 283872 cycles 144608.0 ns
  run 2/9: 283869 cycles 144608.0 ns
  run 3/9: 283869 cycles 144704.0 ns
  run 4/9: 283869 cycles 144608.0 ns
  run 5/9: 284200 cycles 144800.0 ns
  run 6/9: 284229 cycles 144736.0 ns
  run 7/9: 284182 cycles 144864.0 ns
  run 8/9: 284210 cycles 144704.0 ns
  run 9/9: 283865 cycles 144704.0 ns
  run 1/9: 1667328 cycles 849568.0 ns
  run 2/9: 1667256 cycles 849408.0 ns
  run 3/9: 1667256 cycles 849536.0 ns
  run 4/9: 1667256 cycles 849600.0 ns
  run 5/9: 1667244 cycles 849568.0 ns
  run 6/9: 1667244 cycles 849632.0 ns
  run 7/9: 1667244 cycles 849440.0 ns
  run 8/9: 1667244 cycles 849760.0 ns
  run 9/9: 1667244 cycles 849504.0 ns
  run 1/9: 283872 cycles 144576.0 ns
  run 2/9: 283869 cycles 144608.0 ns
  run 3/9: 284186 cycles 144896.0 ns
  run 4/9: 284216 cycles 144736.0 ns
  run 5/9: 284184 cycles 144832.0 ns
  run 6/9: 284217 cycles 144864.0 ns
  run 7/9: 283865 cycles 144544.0 ns
  run 8/9: 283865 cycles 144672.0 ns
  run 9/9: 283865 cycles 144704.0 ns
  run 1/9: 3109122 cycles 1584128.0 ns
  run 2/9: 3109050 cycles 1584224.0 ns
  run 3/9: 3109050 cycles 1584288.0 ns
  run 4/9: 3109050 cycles 1584288.0 ns
  run 5/9: 3109036 cycles 1584128.0 ns
  run 6/9: 3109036 cycles 1584096.0 ns
  run 7/9: 3109036 cycles 1584384.0 ns
  run 8/9: 3109036 cycles 1584192.0 ns
  run 9/9: 3109036 cycles 1584128.0 ns
  run 1/9: 284036 cycles 144736.0 ns
  run 2/9: 284230 cycles 144832.0 ns
  run 3/9: 284186 cycles 144768.0 ns
  run 4/9: 284213 cycles 144736.0 ns
  run 5/9: 283865 cycles 144640.0 ns
  run 6/9: 283865 cycles 144608.0 ns
  run 7/9: 283865 cycles 144736.0 ns
  run 8/9: 283865 cycles 144512.0 ns
  run 9/9: 284192 cycles 144864.0 ns
  run 1/9: 6017270 cycles 3065568.0 ns
  run 2/9: 6017198 cycles 3065824.0 ns
  run 3/9: 6017198 cycles 3066048.0 ns
  run 4/9: 6017198 cycles 3065952.0 ns
  run 5/9: 6017198 cycles 3065952.0 ns
  run 6/9: 6017198 cycles 3065920.0 ns
  run 7/9: 6017198 cycles 3065632.0 ns
  run 8/9: 6017198 cycles 3065664.0 ns
  run 9/9: 6017198 cycles 3065856.0 ns
  run 1/9: 284031 cycles 144736.0 ns
  run 2/9: 284209 cycles 144832.0 ns
  run 3/9: 283869 cycles 144672.0 ns
  run 4/9: 283869 cycles 144640.0 ns
  run 5/9: 283865 cycles 144640.0 ns
  run 6/9: 283865 cycles 144672.0 ns
  run 7/9: 284187 cycles 144736.0 ns
  run 8/9: 284230 cycles 144896.0 ns
  run 9/9: 284185 cycles 144768.0 ns
[measure] async_bulk_copy (async)
  run 1/9: 348550 cycles 177632.0 ns
  run 2/9: 348331 cycles 177408.0 ns
  run 3/9: 348331 cycles 177472.0 ns
  run 4/9: 348331 cycles 177536.0 ns
  run 5/9: 348331 cycles 177344.0 ns
  run 6/9: 348643 cycles 177728.0 ns
  run 7/9: 348686 cycles 177664.0 ns
  run 8/9: 348636 cycles 177600.0 ns
  run 9/9: 348668 cycles 177760.0 ns
  run 1/9: 283872 cycles 144576.0 ns
  run 2/9: 283869 cycles 144704.0 ns
  run 3/9: 283869 cycles 144640.0 ns
  run 4/9: 283869 cycles 144704.0 ns
  run 5/9: 284189 cycles 144864.0 ns
  run 6/9: 284232 cycles 144800.0 ns
  run 7/9: 284189 cycles 144864.0 ns
  run 8/9: 284227 cycles 144768.0 ns
  run 9/9: 283865 cycles 144640.0 ns
  run 1/9: 401591 cycles 204512.0 ns
  run 2/9: 401591 cycles 204800.0 ns
  run 3/9: 401591 cycles 204480.0 ns
  run 4/9: 401896 cycles 204800.0 ns
  run 5/9: 401938 cycles 204736.0 ns
  run 6/9: 401901 cycles 204800.0 ns
  run 7/9: 401935 cycles 204896.0 ns
  run 8/9: 401591 cycles 204544.0 ns
  run 9/9: 401591 cycles 204640.0 ns
  run 1/9: 283872 cycles 144544.0 ns
  run 2/9: 283869 cycles 144832.0 ns
  run 3/9: 284184 cycles 144736.0 ns
  run 4/9: 284224 cycles 144704.0 ns
  run 5/9: 284185 cycles 144736.0 ns
  run 6/9: 284214 cycles 144896.0 ns
  run 7/9: 283865 cycles 144608.0 ns
  run 8/9: 283865 cycles 144640.0 ns
  run 9/9: 283865 cycles 144640.0 ns
  run 1/9: 641219 cycles 326624.0 ns
  run 2/9: 641533 cycles 327072.0 ns
  run 3/9: 641564 cycles 326720.0 ns
  run 4/9: 641521 cycles 326752.0 ns
  run 5/9: 641563 cycles 326816.0 ns
  run 6/9: 641219 cycles 326688.0 ns
  run 7/9: 641219 cycles 326752.0 ns
  run 8/9: 641219 cycles 326656.0 ns
  run 9/9: 641219 cycles 326656.0 ns
  run 1/9: 284080 cycles 144832.0 ns
  run 2/9: 284211 cycles 144704.0 ns
  run 3/9: 284176 cycles 144768.0 ns
  run 4/9: 284212 cycles 144768.0 ns
  run 5/9: 283865 cycles 144608.0 ns
  run 6/9: 283865 cycles 144736.0 ns
  run 7/9: 283865 cycles 144544.0 ns
  run 8/9: 283865 cycles 144512.0 ns
  run 9/9: 284187 cycles 144832.0 ns
  run 1/9: 1165542 cycles 593792.0 ns
  run 2/9: 1165842 cycles 594080.0 ns
  run 3/9: 1165873 cycles 593888.0 ns
  run 4/9: 1165542 cycles 593728.0 ns
  run 5/9: 1165531 cycles 593760.0 ns
  run 6/9: 1165531 cycles 593792.0 ns
  run 7/9: 1165531 cycles 593856.0 ns
  run 8/9: 1165852 cycles 593888.0 ns
  run 9/9: 1165887 cycles 593984.0 ns
  run 1/9: 284026 cycles 144672.0 ns
  run 2/9: 284209 cycles 144832.0 ns
  run 3/9: 283869 cycles 144608.0 ns
  run 4/9: 283869 cycles 144608.0 ns
  run 5/9: 283865 cycles 144576.0 ns
  run 6/9: 283865 cycles 144640.0 ns
  run 7/9: 284190 cycles 144928.0 ns
  run 8/9: 284224 cycles 144672.0 ns
  run 9/9: 284183 cycles 144800.0 ns
  run 1/9: 2214165 cycles 1128096.0 ns
  run 2/9: 2214165 cycles 1128160.0 ns
  run 3/9: 2214165 cycles 1128192.0 ns
  run 4/9: 2214165 cycles 1128128.0 ns
  run 5/9: 2214154 cycles 1128064.0 ns
  run 6/9: 2214478 cycles 1128256.0 ns
  run 7/9: 2214522 cycles 1128256.0 ns
  run 8/9: 2214469 cycles 1128160.0 ns
  run 9/9: 2214512 cycles 1128256.0 ns
  run 1/9: 283872 cycles 144736.0 ns
  run 2/9: 283869 cycles 144640.0 ns
  run 3/9: 283869 cycles 144576.0 ns
  run 4/9: 283869 cycles 144672.0 ns
  run 5/9: 284196 cycles 144800.0 ns
  run 6/9: 284231 cycles 144832.0 ns
  run 7/9: 284185 cycles 144704.0 ns
  run 8/9: 284215 cycles 144896.0 ns
  run 9/9: 283865 cycles 144640.0 ns
[measure] async_bulk_reduce (async)
  run 1/9: 579835 cycles 295424.0 ns
  run 2/9: 579761 cycles 295456.0 ns
  run 3/9: 579761 cycles 295456.0 ns
  run 4/9: 580077 cycles 295648.0 ns
  run 5/9: 580123 cycles 295520.0 ns
  run 6/9: 580080 cycles 295648.0 ns
  run 7/9: 580111 cycles 295616.0 ns
  run 8/9: 579761 cycles 295424.0 ns
  run 9/9: 579761 cycles 295264.0 ns
  run 1/9: 283872 cycles 144608.0 ns
  run 2/9: 283869 cycles 144672.0 ns
  run 3/9: 284188 cycles 144832.0 ns
  run 4/9: 284216 cycles 144896.0 ns
  run 5/9: 284188 cycles 144704.0 ns
  run 6/9: 284213 cycles 144864.0 ns
  run 7/9: 283865 cycles 144640.0 ns
  run 8/9: 283865 cycles 144608.0 ns
  run 9/9: 283865 cycles 144800.0 ns
  run 1/9: 940237 cycles 478944.0 ns
  run 2/9: 940551 cycles 479488.0 ns
  run 3/9: 940602 cycles 479040.0 ns
  run 4/9: 940557 cycles 479296.0 ns
  run 5/9: 940575 cycles 479168.0 ns
  run 6/9: 940226 cycles 479104.0 ns
  run 7/9: 940226 cycles 479136.0 ns
  run 8/9: 940226 cycles 478976.0 ns
  run 9/9: 940226 cycles 479104.0 ns
  run 1/9: 283987 cycles 144672.0 ns
  run 2/9: 284220 cycles 144864.0 ns
  run 3/9: 284186 cycles 144800.0 ns
  run 4/9: 284208 cycles 144928.0 ns
  run 5/9: 283865 cycles 144608.0 ns
  run 6/9: 283865 cycles 144512.0 ns
  run 7/9: 283865 cycles 144768.0 ns
  run 8/9: 283865 cycles 144544.0 ns
  run 9/9: 284191 cycles 144800.0 ns
  run 1/9: 1661150 cycles 846464.0 ns
  run 2/9: 1661473 cycles 846560.0 ns
  run 3/9: 1661498 cycles 846592.0 ns
  run 4/9: 1661150 cycles 846368.0 ns
  run 5/9: 1661137 cycles 846336.0 ns
  run 6/9: 1661137 cycles 846400.0 ns
  run 7/9: 1661137 cycles 846304.0 ns
  run 8/9: 1661478 cycles 846624.0 ns
  run 9/9: 1661523 cycles 846528.0 ns
  run 1/9: 284065 cycles 144896.0 ns
  run 2/9: 284211 cycles 144672.0 ns
  run 3/9: 283869 cycles 144608.0 ns
  run 4/9: 283869 cycles 144704.0 ns
  run 5/9: 283865 cycles 144576.0 ns
  run 6/9: 283865 cycles 144608.0 ns
  run 7/9: 284192 cycles 144768.0 ns
  run 8/9: 284228 cycles 144864.0 ns
  run 9/9: 284183 cycles 144736.0 ns
  run 1/9: 3103374 cycles 1581024.0 ns
  run 2/9: 3102959 cycles 1581088.0 ns
  run 3/9: 3102959 cycles 1581088.0 ns
  run 4/9: 3102959 cycles 1581056.0 ns
  run 5/9: 3102945 cycles 1581056.0 ns
  run 6/9: 3103299 cycles 1581056.0 ns
  run 7/9: 3103345 cycles 1580992.0 ns
  run 8/9: 3103299 cycles 1581184.0 ns
  run 9/9: 3103310 cycles 1581248.0 ns
  run 1/9: 283872 cycles 144704.0 ns
  run 2/9: 283869 cycles 144544.0 ns
  run 3/9: 283869 cycles 144704.0 ns
  run 4/9: 283869 cycles 144576.0 ns
  run 5/9: 284186 cycles 144736.0 ns
  run 6/9: 284229 cycles 144896.0 ns
  run 7/9: 284181 cycles 144896.0 ns
  run 8/9: 284221 cycles 144768.0 ns
  run 9/9: 283865 cycles 144672.0 ns
  run 1/9: 6011215 cycles 3062976.0 ns
  run 2/9: 6011213 cycles 3063008.0 ns
  run 3/9: 6011156 cycles 3062912.0 ns
  run 4/9: 6011525 cycles 3063072.0 ns
  run 5/9: 6011553 cycles 3063040.0 ns
  run 6/9: 6011516 cycles 3063104.0 ns
  run 7/9: 6011543 cycles 3063328.0 ns
  run 8/9: 6011173 cycles 3062880.0 ns
  run 9/9: 6011156 cycles 3062784.0 ns
  run 1/9: 283872 cycles 144640.0 ns
  run 2/9: 283869 cycles 144768.0 ns
  run 3/9: 284188 cycles 144768.0 ns
  run 4/9: 284221 cycles 144768.0 ns
  run 5/9: 284182 cycles 144928.0 ns
  run 6/9: 284218 cycles 144704.0 ns
  run 7/9: 283865 cycles 144608.0 ns
  run 8/9: 283865 cycles 144640.0 ns
  run 9/9: 283865 cycles 144736.0 ns
[measure] async_bulk_prefetch (async)
  run 1/9: 58860 cycles 30048.0 ns
  run 2/9: 58937 cycles 30048.0 ns
  run 3/9: 58980 cycles 30048.0 ns
  run 4/9: 58933 cycles 29984.0 ns
  run 5/9: 58958 cycles 30048.0 ns
  run 6/9: 58608 cycles 29920.0 ns
  run 7/9: 58609 cycles 29888.0 ns
  run 8/9: 58609 cycles 29824.0 ns
  run 9/9: 58609 cycles 29824.0 ns
  run 1/9: 3 cycles 0.0 ns
  run 2/9: 3 cycles 32.0 ns
  run 3/9: 3 cycles 0.0 ns
  run 4/9: 3 cycles 0.0 ns
  run 5/9: 3 cycles 0.0 ns
  run 6/9: 3 cycles 0.0 ns
  run 7/9: 3 cycles 0.0 ns
  run 8/9: 3 cycles 0.0 ns
  run 9/9: 3 cycles 0.0 ns
  run 1/9: 135595 cycles 69088.0 ns
  run 2/9: 135633 cycles 69088.0 ns
  run 3/9: 135668 cycles 69088.0 ns
  run 4/9: 135335 cycles 68992.0 ns
  run 5/9: 135335 cycles 69024.0 ns
  run 6/9: 135335 cycles 68928.0 ns
  run 7/9: 135335 cycles 68960.0 ns
  run 8/9: 135655 cycles 69184.0 ns
  run 9/9: 135682 cycles 69120.0 ns
  run 1/9: 3 cycles 0.0 ns
  run 2/9: 3 cycles 0.0 ns
  run 3/9: 3 cycles 0.0 ns
  run 4/9: 3 cycles 0.0 ns
  run 5/9: 3 cycles 0.0 ns
  run 6/9: 3 cycles 0.0 ns
  run 7/9: 3 cycles 32.0 ns
  run 8/9: 3 cycles 0.0 ns
  run 9/9: 3 cycles 0.0 ns
  run 1/9: 233652 cycles 119072.0 ns
  run 2/9: 233651 cycles 119040.0 ns
  run 3/9: 233651 cycles 119040.0 ns
  run 4/9: 233651 cycles 118976.0 ns
  run 5/9: 233651 cycles 119040.0 ns
  run 6/9: 233978 cycles 119232.0 ns
  run 7/9: 234005 cycles 119296.0 ns
  run 8/9: 233972 cycles 119232.0 ns
  run 9/9: 233988 cycles 119264.0 ns
  run 1/9: 3 cycles 0.0 ns
  run 2/9: 3 cycles 0.0 ns
  run 3/9: 3 cycles 32.0 ns
  run 4/9: 3 cycles 0.0 ns
  run 5/9: 3 cycles 0.0 ns
  run 6/9: 3 cycles 0.0 ns
  run 7/9: 3 cycles 0.0 ns
  run 8/9: 3 cycles 0.0 ns
  run 9/9: 3 cycles 0.0 ns
  run 1/9: 430283 cycles 219328.0 ns
  run 2/9: 430283 cycles 219232.0 ns
  run 3/9: 430283 cycles 219168.0 ns
  run 4/9: 430597 cycles 219424.0 ns
  run 5/9: 430647 cycles 219552.0 ns
  run 6/9: 430595 cycles 219328.0 ns
  run 7/9: 430628 cycles 219520.0 ns
  run 8/9: 430282 cycles 219168.0 ns
  run 9/9: 430283 cycles 219168.0 ns
  run 1/9: 3 cycles 0.0 ns
  run 2/9: 3 cycles 0.0 ns
  run 3/9: 3 cycles 0.0 ns
  run 4/9: 3 cycles 0.0 ns
  run 5/9: 3 cycles 0.0 ns
  run 6/9: 3 cycles 32.0 ns
  run 7/9: 3 cycles 0.0 ns
  run 8/9: 3 cycles 0.0 ns
  run 9/9: 3 cycles 0.0 ns
  run 1/9: 823559 cycles 419744.0 ns
  run 2/9: 823897 cycles 419904.0 ns
  run 3/9: 823917 cycles 419712.0 ns
  run 4/9: 823883 cycles 419648.0 ns
  run 5/9: 823909 cycles 419872.0 ns
  run 6/9: 823547 cycles 419712.0 ns
  run 7/9: 823548 cycles 419616.0 ns
  run 8/9: 823548 cycles 419552.0 ns
  run 9/9: 823548 cycles 419744.0 ns
  run 1/9: 3 cycles 0.0 ns
  run 2/9: 3 cycles 32.0 ns
  run 3/9: 3 cycles 0.0 ns
  run 4/9: 3 cycles 0.0 ns
  run 5/9: 3 cycles 0.0 ns
  run 6/9: 3 cycles 0.0 ns
  run 7/9: 3 cycles 0.0 ns
  run 8/9: 3 cycles 0.0 ns
  run 9/9: 3 cycles 0.0 ns
[measure] async_ldg (async)
  run 1/9: 12110 cycles 6176.0 ns
  run 2/9: 12406 cycles 6336.0 ns
  run 3/9: 12445 cycles 6304.0 ns
  run 4/9: 12109 cycles 6176.0 ns
  run 5/9: 12109 cycles 6176.0 ns
  run 6/9: 12109 cycles 6176.0 ns
  run 7/9: 12109 cycles 6176.0 ns
  run 8/9: 12426 cycles 6336.0 ns
  run 9/9: 12466 cycles 6336.0 ns
  run 1/9: 3 cycles 0.0 ns
  run 2/9: 3 cycles 0.0 ns
  run 3/9: 3 cycles 0.0 ns
  run 4/9: 3 cycles 0.0 ns
  run 5/9: 3 cycles 32.0 ns
  run 6/9: 3 cycles 0.0 ns
  run 7/9: 3 cycles 0.0 ns
  run 8/9: 3 cycles 0.0 ns
  run 9/9: 3 cycles 0.0 ns
  run 1/9: 499 cycles 256.0 ns
  run 2/9: 260 cycles 128.0 ns
  run 3/9: 260 cycles 128.0 ns
  run 4/9: 260 cycles 128.0 ns
  run 5/9: 260 cycles 128.0 ns
  run 6/9: 583 cycles 320.0 ns
  run 7/9: 613 cycles 320.0 ns
  run 8/9: 580 cycles 288.0 ns
  run 9/9: 597 cycles 320.0 ns
  run 1/9: 3 cycles 0.0 ns
  run 2/9: 3 cycles 0.0 ns
  run 3/9: 3 cycles 0.0 ns
  run 4/9: 3 cycles 32.0 ns
  run 5/9: 3 cycles 0.0 ns
  run 6/9: 3 cycles 0.0 ns
  run 7/9: 3 cycles 32.0 ns
  run 8/9: 3 cycles 0.0 ns
  run 9/9: 3 cycles 0.0 ns
  run 1/9: 259 cycles 128.0 ns
  run 2/9: 260 cycles 128.0 ns
  run 3/9: 260 cycles 160.0 ns
  run 4/9: 576 cycles 288.0 ns
  run 5/9: 623 cycles 320.0 ns
  run 6/9: 571 cycles 320.0 ns
  run 7/9: 608 cycles 288.0 ns
  run 8/9: 260 cycles 128.0 ns
  run 9/9: 260 cycles 128.0 ns
  run 1/9: 3 cycles 32.0 ns
  run 2/9: 3 cycles 0.0 ns
  run 3/9: 3 cycles 0.0 ns
  run 4/9: 3 cycles 0.0 ns
  run 5/9: 3 cycles 0.0 ns
  run 6/9: 3 cycles 0.0 ns
  run 7/9: 3 cycles 32.0 ns
  run 8/9: 3 cycles 32.0 ns
  run 9/9: 3 cycles 0.0 ns
  run 1/9: 262 cycles 128.0 ns
  run 2/9: 571 cycles 288.0 ns
  run 3/9: 617 cycles 320.0 ns
  run 4/9: 569 cycles 320.0 ns
  run 5/9: 606 cycles 320.0 ns
  run 6/9: 260 cycles 128.0 ns
  run 7/9: 260 cycles 160.0 ns
  run 8/9: 260 cycles 128.0 ns
  run 9/9: 260 cycles 160.0 ns
  run 1/9: 3 cycles 0.0 ns
  run 2/9: 3 cycles 0.0 ns
  run 3/9: 3 cycles 0.0 ns
  run 4/9: 3 cycles 0.0 ns
  run 5/9: 3 cycles 0.0 ns
  run 6/9: 3 cycles 0.0 ns
  run 7/9: 3 cycles 0.0 ns
  run 8/9: 3 cycles 0.0 ns
  run 9/9: 3 cycles 0.0 ns
  run 1/9: 259 cycles 128.0 ns
  run 2/9: 563 cycles 320.0 ns
  run 3/9: 594 cycles 320.0 ns
  run 4/9: 260 cycles 160.0 ns
  run 5/9: 260 cycles 128.0 ns
  run 6/9: 260 cycles 160.0 ns
  run 7/9: 260 cycles 128.0 ns
  run 8/9: 595 cycles 320.0 ns
  run 9/9: 625 cycles 320.0 ns
  run 1/9: 3 cycles 0.0 ns
  run 2/9: 3 cycles 0.0 ns
  run 3/9: 3 cycles 0.0 ns
  run 4/9: 3 cycles 0.0 ns
  run 5/9: 3 cycles 0.0 ns
  run 6/9: 3 cycles 0.0 ns
  run 7/9: 3 cycles 0.0 ns
  run 8/9: 3 cycles 0.0 ns
  run 9/9: 3 cycles 32.0 ns
[measure] async_stg (async)
  run 1/9: 14189 cycles 7232.0 ns
  run 2/9: 14151 cycles 7200.0 ns
  run 3/9: 14151 cycles 7200.0 ns
  run 4/9: 14151 cycles 7200.0 ns
  run 5/9: 14142 cycles 7232.0 ns
  run 6/9: 14471 cycles 7392.0 ns
  run 7/9: 14493 cycles 7392.0 ns
  run 8/9: 14462 cycles 7360.0 ns
  run 9/9: 14494 cycles 7360.0 ns
  run 1/9: 3 cycles 0.0 ns
  run 2/9: 3 cycles 0.0 ns
  run 3/9: 3 cycles 32.0 ns
  run 4/9: 3 cycles 0.0 ns
  run 5/9: 3 cycles 0.0 ns
  run 6/9: 3 cycles 32.0 ns
  run 7/9: 3 cycles 32.0 ns
  run 8/9: 3 cycles 0.0 ns
  run 9/9: 3 cycles 0.0 ns
  run 1/9: 340272 cycles 173312.0 ns
  run 2/9: 340231 cycles 173408.0 ns
  run 3/9: 340232 cycles 173344.0 ns
  run 4/9: 340557 cycles 173472.0 ns
  run 5/9: 340603 cycles 173600.0 ns
  run 6/9: 340560 cycles 173472.0 ns
  run 7/9: 340592 cycles 173536.0 ns
  run 8/9: 340231 cycles 173376.0 ns
  run 9/9: 340232 cycles 173344.0 ns
  run 1/9: 3 cycles 0.0 ns
  run 2/9: 3 cycles 0.0 ns
  run 3/9: 3 cycles 0.0 ns
  run 4/9: 3 cycles 0.0 ns
  run 5/9: 3 cycles 0.0 ns
  run 6/9: 3 cycles 0.0 ns
  run 7/9: 3 cycles 0.0 ns
  run 8/9: 3 cycles 0.0 ns
  run 9/9: 3 cycles 0.0 ns
  run 1/9: 704741 cycles 358976.0 ns
  run 2/9: 705061 cycles 359232.0 ns
  run 3/9: 705086 cycles 359328.0 ns
  run 4/9: 705047 cycles 359200.0 ns
  run 5/9: 705094 cycles 359296.0 ns
  run 6/9: 704742 cycles 359040.0 ns
  run 7/9: 704742 cycles 359008.0 ns
  run 8/9: 704742 cycles 359136.0 ns
  run 9/9: 704742 cycles 359072.0 ns
  run 1/9: 3 cycles 0.0 ns
  run 2/9: 3 cycles 0.0 ns
  run 3/9: 3 cycles 0.0 ns
  run 4/9: 3 cycles 0.0 ns
  run 5/9: 3 cycles 0.0 ns
  run 6/9: 3 cycles 0.0 ns
  run 7/9: 3 cycles 32.0 ns
  run 8/9: 3 cycles 32.0 ns
  run 9/9: 3 cycles 32.0 ns
  run 1/9: 1360312 cycles 693120.0 ns
  run 2/9: 1360400 cycles 693184.0 ns
  run 3/9: 1360445 cycles 693120.0 ns
  run 4/9: 1360102 cycles 692864.0 ns
  run 5/9: 1360102 cycles 693120.0 ns
  run 6/9: 1360102 cycles 693056.0 ns
  run 7/9: 1360102 cycles 692992.0 ns
  run 8/9: 1360434 cycles 693344.0 ns
  run 9/9: 1360464 cycles 693184.0 ns
  run 1/9: 3 cycles 0.0 ns
  run 2/9: 3 cycles 0.0 ns
  run 3/9: 3 cycles 0.0 ns
  run 4/9: 3 cycles 0.0 ns
  run 5/9: 3 cycles 0.0 ns
  run 6/9: 3 cycles 0.0 ns
  run 7/9: 3 cycles 0.0 ns
  run 8/9: 3 cycles 32.0 ns
  run 9/9: 3 cycles 32.0 ns
  run 1/9: 2670823 cycles 1360896.0 ns
  run 2/9: 2670821 cycles 1360896.0 ns
  run 3/9: 2670822 cycles 1360896.0 ns
  run 4/9: 2670822 cycles 1361024.0 ns
  run 5/9: 2670822 cycles 1360768.0 ns
  run 6/9: 2671160 cycles 1361120.0 ns
  run 7/9: 2671190 cycles 1360768.0 ns
  run 8/9: 2671147 cycles 1360896.0 ns
  run 9/9: 2671177 cycles 1361056.0 ns
  run 1/9: 3 cycles 0.0 ns
  run 2/9: 3 cycles 0.0 ns
  run 3/9: 3 cycles 0.0 ns
  run 4/9: 3 cycles 0.0 ns
  run 5/9: 3 cycles 0.0 ns
  run 6/9: 3 cycles 0.0 ns
  run 7/9: 3 cycles 0.0 ns
  run 8/9: 3 cycles 0.0 ns
  run 9/9: 3 cycles 0.0 ns
[measure] async_ldl (async)
  run 1/9: 12009 cycles 6112.0 ns
  run 2/9: 12009 cycles 6112.0 ns
  run 3/9: 12009 cycles 6144.0 ns
  run 4/9: 12009 cycles 6112.0 ns
  run 5/9: 12009 cycles 6144.0 ns
  run 6/9: 12009 cycles 6144.0 ns
  run 7/9: 12009 cycles 6112.0 ns
  run 8/9: 12009 cycles 6112.0 ns
  run 9/9: 12009 cycles 6112.0 ns
  run 1/9: 3 cycles 0.0 ns
  run 2/9: 3 cycles 0.0 ns
  run 3/9: 3 cycles 32.0 ns
  run 4/9: 3 cycles 0.0 ns
  run 5/9: 3 cycles 0.0 ns
  run 6/9: 3 cycles 0.0 ns
  run 7/9: 3 cycles 0.0 ns
  run 8/9: 3 cycles 32.0 ns
  run 9/9: 3 cycles 0.0 ns
  run 1/9: 457 cycles 256.0 ns
  run 2/9: 836 cycles 448.0 ns
  run 3/9: 857 cycles 416.0 ns
  run 4/9: 830 cycles 416.0 ns
  run 5/9: 839 cycles 448.0 ns
  run 6/9: 470 cycles 256.0 ns
  run 7/9: 456 cycles 224.0 ns
  run 8/9: 466 cycles 256.0 ns
  run 9/9: 458 cycles 224.0 ns
  run 1/9: 3 cycles 0.0 ns
  run 2/9: 3 cycles 0.0 ns
  run 3/9: 3 cycles 32.0 ns
  run 4/9: 3 cycles 0.0 ns
  run 5/9: 3 cycles 0.0 ns
  run 6/9: 3 cycles 0.0 ns
  run 7/9: 3 cycles 0.0 ns
  run 8/9: 3 cycles 0.0 ns
  run 9/9: 3 cycles 0.0 ns
  run 1/9: 846 cycles 448.0 ns
  run 2/9: 828 cycles 416.0 ns
  run 3/9: 838 cycles 416.0 ns
  run 4/9: 483 cycles 256.0 ns
  run 5/9: 455 cycles 224.0 ns
  run 6/9: 468 cycles 256.0 ns
  run 7/9: 447 cycles 224.0 ns
  run 8/9: 823 cycles 416.0 ns
  run 9/9: 851 cycles 448.0 ns
  run 1/9: 3 cycles 0.0 ns
  run 2/9: 3 cycles 0.0 ns
  run 3/9: 3 cycles 0.0 ns
  run 4/9: 3 cycles 0.0 ns
  run 5/9: 3 cycles 0.0 ns
  run 6/9: 3 cycles 32.0 ns
  run 7/9: 3 cycles 0.0 ns
  run 8/9: 3 cycles 0.0 ns
  run 9/9: 3 cycles 0.0 ns
  run 1/9: 885 cycles 448.0 ns
  run 2/9: 512 cycles 256.0 ns
  run 3/9: 497 cycles 224.0 ns
  run 4/9: 509 cycles 256.0 ns
  run 5/9: 488 cycles 256.0 ns
  run 6/9: 863 cycles 448.0 ns
  run 7/9: 883 cycles 448.0 ns
  run 8/9: 857 cycles 448.0 ns
  run 9/9: 861 cycles 448.0 ns
  run 1/9: 3 cycles 0.0 ns
  run 2/9: 3 cycles 0.0 ns
  run 3/9: 3 cycles 0.0 ns
  run 4/9: 3 cycles 32.0 ns
  run 5/9: 3 cycles 0.0 ns
  run 6/9: 3 cycles 0.0 ns
  run 7/9: 3 cycles 0.0 ns
  run 8/9: 3 cycles 32.0 ns
  run 9/9: 3 cycles 32.0 ns
  run 1/9: 497 cycles 256.0 ns
  run 2/9: 511 cycles 288.0 ns
  run 3/9: 489 cycles 256.0 ns
  run 4/9: 866 cycles 448.0 ns
  run 5/9: 880 cycles 480.0 ns
  run 6/9: 863 cycles 448.0 ns
  run 7/9: 879 cycles 448.0 ns
  run 8/9: 515 cycles 256.0 ns
  run 9/9: 486 cycles 256.0 ns
  run 1/9: 3 cycles 0.0 ns
  run 2/9: 3 cycles 0.0 ns
  run 3/9: 3 cycles 0.0 ns
  run 4/9: 3 cycles 0.0 ns
  run 5/9: 3 cycles 0.0 ns
  run 6/9: 3 cycles 0.0 ns
  run 7/9: 3 cycles 0.0 ns
  run 8/9: 3 cycles 0.0 ns
  run 9/9: 3 cycles 0.0 ns
[measure] async_stl (async)
  run 1/9: 49287 cycles 25088.0 ns
  run 2/9: 49287 cycles 25120.0 ns
  run 3/9: 49287 cycles 25120.0 ns
  run 4/9: 49287 cycles 25152.0 ns
  run 5/9: 49287 cycles 25088.0 ns
  run 6/9: 49287 cycles 25120.0 ns
  run 7/9: 49287 cycles 25120.0 ns
  run 8/9: 49287 cycles 25152.0 ns
  run 9/9: 49287 cycles 25088.0 ns
  run 1/9: 3 cycles 0.0 ns
  run 2/9: 3 cycles 0.0 ns
  run 3/9: 3 cycles 0.0 ns
  run 4/9: 3 cycles 0.0 ns
  run 5/9: 3 cycles 0.0 ns
  run 6/9: 3 cycles 0.0 ns
  run 7/9: 3 cycles 0.0 ns
  run 8/9: 3 cycles 0.0 ns
  run 9/9: 3 cycles 0.0 ns
  run 1/9: 84766 cycles 43168.0 ns
  run 2/9: 84749 cycles 43200.0 ns
  run 3/9: 84760 cycles 43232.0 ns
  run 4/9: 84401 cycles 43072.0 ns
  run 5/9: 84385 cycles 42976.0 ns
  run 6/9: 84397 cycles 42976.0 ns
  run 7/9: 84376 cycles 42944.0 ns
  run 8/9: 84754 cycles 43168.0 ns
  run 9/9: 84769 cycles 43200.0 ns
  run 1/9: 3 cycles 0.0 ns
  run 2/9: 3 cycles 0.0 ns
  run 3/9: 3 cycles 32.0 ns
  run 4/9: 3 cycles 0.0 ns
  run 5/9: 3 cycles 0.0 ns
  run 6/9: 3 cycles 0.0 ns
  run 7/9: 3 cycles 0.0 ns
  run 8/9: 3 cycles 0.0 ns
  run 9/9: 3 cycles 0.0 ns
  run 1/9: 148262 cycles 75488.0 ns
  run 2/9: 147896 cycles 75328.0 ns
  run 3/9: 147879 cycles 75424.0 ns
  run 4/9: 147891 cycles 75328.0 ns
  run 5/9: 147869 cycles 75424.0 ns
  run 6/9: 148247 cycles 75488.0 ns
  run 7/9: 148267 cycles 75488.0 ns
  run 8/9: 148244 cycles 75520.0 ns
  run 9/9: 148264 cycles 75520.0 ns
  run 1/9: 3 cycles 0.0 ns
  run 2/9: 3 cycles 0.0 ns
  run 3/9: 3 cycles 0.0 ns
  run 4/9: 3 cycles 0.0 ns
  run 5/9: 3 cycles 0.0 ns
  run 6/9: 3 cycles 0.0 ns
  run 7/9: 3 cycles 0.0 ns
  run 8/9: 3 cycles 0.0 ns
  run 9/9: 3 cycles 32.0 ns
  run 1/9: 307631 cycles 156864.0 ns
  run 2/9: 307643 cycles 156704.0 ns
  run 3/9: 307623 cycles 156640.0 ns
  run 4/9: 308001 cycles 157056.0 ns
  run 5/9: 308000 cycles 156992.0 ns
  run 6/9: 307980 cycles 156832.0 ns
  run 7/9: 308004 cycles 157024.0 ns
  run 8/9: 307634 cycles 156672.0 ns
  run 9/9: 307619 cycles 156800.0 ns
  run 1/9: 3 cycles 0.0 ns
  run 2/9: 3 cycles 32.0 ns
  run 3/9: 3 cycles 0.0 ns
  run 4/9: 3 cycles 0.0 ns
  run 5/9: 3 cycles 32.0 ns
  run 6/9: 3 cycles 0.0 ns
  run 7/9: 3 cycles 0.0 ns
  run 8/9: 3 cycles 32.0 ns
  run 9/9: 3 cycles 0.0 ns
  run 1/9: 590378 cycles 300736.0 ns
  run 2/9: 590630 cycles 300960.0 ns
  run 3/9: 590638 cycles 300896.0 ns
  run 4/9: 590618 cycles 300928.0 ns
  run 5/9: 590625 cycles 301056.0 ns
  run 6/9: 590263 cycles 300672.0 ns
  run 7/9: 590244 cycles 300832.0 ns
  run 8/9: 590256 cycles 300768.0 ns
  run 9/9: 590235 cycles 300672.0 ns
  run 1/9: 3 cycles 0.0 ns
  run 2/9: 3 cycles 0.0 ns
  run 3/9: 3 cycles 0.0 ns
  run 4/9: 3 cycles 0.0 ns
  run 5/9: 3 cycles 0.0 ns
  run 6/9: 3 cycles 0.0 ns
  run 7/9: 3 cycles 0.0 ns
  run 8/9: 3 cycles 0.0 ns
  run 9/9: 3 cycles 0.0 ns
[measure] async_ldgsts (async)
  run 1/9: 2392184 cycles 1219072.0 ns
  run 2/9: 2392159 cycles 1218784.0 ns
  run 3/9: 2392270 cycles 1218848.0 ns
  run 4/9: 2391712 cycles 1218592.0 ns
  run 5/9: 2391760 cycles 1218656.0 ns
  run 6/9: 2391705 cycles 1218752.0 ns
  run 7/9: 2391695 cycles 1218656.0 ns
  run 8/9: 2391905 cycles 1218848.0 ns
  run 9/9: 2392160 cycles 1218848.0 ns
  run 1/9: 341473 cycles 174048.0 ns
  run 2/9: 341557 cycles 174048.0 ns
  run 3/9: 341213 cycles 173920.0 ns
  run 4/9: 341213 cycles 173824.0 ns
  run 5/9: 341209 cycles 173920.0 ns
  run 6/9: 341209 cycles 173856.0 ns
  run 7/9: 341536 cycles 174016.0 ns
  run 8/9: 341576 cycles 174016.0 ns
  run 9/9: 341529 cycles 174016.0 ns
  run 1/9: 2426980 cycles 1236512.0 ns
  run 2/9: 2426525 cycles 1236576.0 ns
  run 3/9: 2426770 cycles 1236640.0 ns
  run 4/9: 2427282 cycles 1236416.0 ns
  run 5/9: 2426978 cycles 1236640.0 ns
  run 6/9: 2427371 cycles 1236704.0 ns
  run 7/9: 2427244 cycles 1236736.0 ns
  run 8/9: 2427308 cycles 1236640.0 ns
  run 9/9: 2427129 cycles 1236928.0 ns
  run 1/9: 341216 cycles 173760.0 ns
  run 2/9: 341213 cycles 173888.0 ns
  run 3/9: 341213 cycles 173888.0 ns
  run 4/9: 341213 cycles 173888.0 ns
  run 5/9: 341544 cycles 173984.0 ns
  run 6/9: 341575 cycles 174048.0 ns
  run 7/9: 341528 cycles 174016.0 ns
  run 8/9: 341562 cycles 174176.0 ns
  run 9/9: 341209 cycles 173760.0 ns
  run 1/9: 2501742 cycles 1274912.0 ns
  run 2/9: 2501726 cycles 1274880.0 ns
  run 3/9: 2504555 cycles 1276224.0 ns
  run 4/9: 2503387 cycles 1275424.0 ns
  run 5/9: 2504896 cycles 1276320.0 ns
  run 6/9: 2503487 cycles 1275680.0 ns
  run 7/9: 2503972 cycles 1275712.0 ns
  run 8/9: 2503246 cycles 1275648.0 ns
  run 9/9: 2503352 cycles 1275488.0 ns
  run 1/9: 341216 cycles 173856.0 ns
  run 2/9: 341213 cycles 173760.0 ns
  run 3/9: 341528 cycles 174016.0 ns
  run 4/9: 341564 cycles 174048.0 ns
  run 5/9: 341532 cycles 174048.0 ns
  run 6/9: 341561 cycles 174048.0 ns
  run 7/9: 341209 cycles 173824.0 ns
  run 8/9: 341209 cycles 174048.0 ns
  run 9/9: 341209 cycles 173824.0 ns
  run 1/9: 2698385 cycles 1375008.0 ns
  run 2/9: 2698531 cycles 1375456.0 ns
  run 3/9: 2698847 cycles 1376192.0 ns
  run 4/9: 2699451 cycles 1375488.0 ns
  run 5/9: 2698222 cycles 1374816.0 ns
  run 6/9: 2698297 cycles 1374976.0 ns
  run 7/9: 2699168 cycles 1375328.0 ns
  run 8/9: 2697745 cycles 1374496.0 ns
  run 9/9: 2699569 cycles 1375072.0 ns
  run 1/9: 341471 cycles 173920.0 ns
  run 2/9: 341568 cycles 173952.0 ns
  run 3/9: 341530 cycles 173984.0 ns
  run 4/9: 341557 cycles 173984.0 ns
  run 5/9: 341209 cycles 173728.0 ns
  run 6/9: 341209 cycles 173856.0 ns
  run 7/9: 341209 cycles 173792.0 ns
  run 8/9: 341209 cycles 173728.0 ns
  run 9/9: 341538 cycles 173888.0 ns
  run 1/9: 3092909 cycles 1575168.0 ns
  run 2/9: 3093550 cycles 1576064.0 ns
  run 3/9: 3093417 cycles 1576160.0 ns
  run 4/9: 3092460 cycles 1575744.0 ns
  run 5/9: 3092115 cycles 1575616.0 ns
  run 6/9: 3091041 cycles 1574816.0 ns
  run 7/9: 3093246 cycles 1576160.0 ns
  run 8/9: 3090850 cycles 1574880.0 ns
  run 9/9: 3090785 cycles 1575104.0 ns
  run 1/9: 341216 cycles 173728.0 ns
  run 2/9: 341554 cycles 173952.0 ns
  run 3/9: 341213 cycles 173792.0 ns
  run 4/9: 341213 cycles 173984.0 ns
  run 5/9: 341209 cycles 173856.0 ns
  run 6/9: 341209 cycles 173760.0 ns
  run 7/9: 341537 cycles 173984.0 ns
  run 8/9: 341576 cycles 174304.0 ns
  run 9/9: 341527 cycles 173920.0 ns
[measure] async_cctl (async)
  run 1/9: 43528 cycles 22176.0 ns
  run 2/9: 43329 cycles 22048.0 ns
  run 3/9: 43329 cycles 22080.0 ns
  run 4/9: 43329 cycles 22080.0 ns
  run 5/9: 43329 cycles 22144.0 ns
  run 6/9: 43652 cycles 22272.0 ns
  run 7/9: 43679 cycles 22240.0 ns
  run 8/9: 43651 cycles 22240.0 ns
  run 9/9: 43668 cycles 22272.0 ns
  run 1/9: 3 cycles 0.0 ns
  run 2/9: 3 cycles 0.0 ns
  run 3/9: 3 cycles 32.0 ns
  run 4/9: 3 cycles 0.0 ns
  run 5/9: 3 cycles 0.0 ns
  run 6/9: 3 cycles 0.0 ns
  run 7/9: 3 cycles 0.0 ns
  run 8/9: 3 cycles 0.0 ns
  run 9/9: 3 cycles 0.0 ns
  run 1/9: 76176 cycles 38816.0 ns
  run 2/9: 76141 cycles 38784.0 ns
  run 3/9: 76141 cycles 38816.0 ns
  run 4/9: 76472 cycles 38944.0 ns
  run 5/9: 76481 cycles 38944.0 ns
  run 6/9: 76445 cycles 39040.0 ns
  run 7/9: 76484 cycles 39040.0 ns
  run 8/9: 76126 cycles 38880.0 ns
  run 9/9: 76127 cycles 38848.0 ns
  run 1/9: 3 cycles 0.0 ns
  run 2/9: 3 cycles 0.0 ns
  run 3/9: 3 cycles 0.0 ns
  run 4/9: 3 cycles 0.0 ns
  run 5/9: 3 cycles 0.0 ns
  run 6/9: 3 cycles 0.0 ns
  run 7/9: 3 cycles 0.0 ns
  run 8/9: 3 cycles 0.0 ns
  run 9/9: 3 cycles 0.0 ns
  run 1/9: 172293 cycles 87744.0 ns
  run 2/9: 172609 cycles 87872.0 ns
  run 3/9: 172644 cycles 87936.0 ns
  run 4/9: 172604 cycles 87872.0 ns
  run 5/9: 172636 cycles 87904.0 ns
  run 6/9: 172293 cycles 87776.0 ns
  run 7/9: 172293 cycles 87744.0 ns
  run 8/9: 172293 cycles 87744.0 ns
  run 9/9: 172293 cycles 87680.0 ns
  run 1/9: 3 cycles 0.0 ns
  run 2/9: 3 cycles 32.0 ns
  run 3/9: 3 cycles 32.0 ns
  run 4/9: 3 cycles 0.0 ns
  run 5/9: 3 cycles 0.0 ns
  run 6/9: 3 cycles 0.0 ns
  run 7/9: 3 cycles 0.0 ns
  run 8/9: 3 cycles 0.0 ns
  run 9/9: 3 cycles 0.0 ns
  run 1/9: 303623 cycles 154752.0 ns
  run 2/9: 303679 cycles 154656.0 ns
  run 3/9: 303710 cycles 154720.0 ns
  run 4/9: 303365 cycles 154592.0 ns
  run 5/9: 303365 cycles 154528.0 ns
  run 6/9: 303365 cycles 154656.0 ns
  run 7/9: 303365 cycles 154752.0 ns
  run 8/9: 303694 cycles 154720.0 ns
  run 9/9: 303731 cycles 154656.0 ns
  run 1/9: 3 cycles 0.0 ns
  run 2/9: 3 cycles 0.0 ns
  run 3/9: 3 cycles 0.0 ns
  run 4/9: 3 cycles 0.0 ns
  run 5/9: 3 cycles 32.0 ns
  run 6/9: 3 cycles 0.0 ns
  run 7/9: 3 cycles 0.0 ns
  run 8/9: 3 cycles 0.0 ns
  run 9/9: 3 cycles 0.0 ns
  run 1/9: 565522 cycles 288000.0 ns
  run 2/9: 565522 cycles 288256.0 ns
  run 3/9: 565522 cycles 288032.0 ns
  run 4/9: 565522 cycles 288192.0 ns
  run 5/9: 565509 cycles 288160.0 ns
  run 6/9: 565840 cycles 288384.0 ns
  run 7/9: 565871 cycles 288192.0 ns
  run 8/9: 565825 cycles 288480.0 ns
  run 9/9: 565859 cycles 288320.0 ns
  run 1/9: 3 cycles 0.0 ns
  run 2/9: 3 cycles 32.0 ns
  run 3/9: 3 cycles 0.0 ns
  run 4/9: 3 cycles 0.0 ns
  run 5/9: 3 cycles 0.0 ns
  run 6/9: 3 cycles 0.0 ns
  run 7/9: 3 cycles 32.0 ns
  run 8/9: 3 cycles 0.0 ns
  run 9/9: 3 cycles 0.0 ns
[measure] async_mbar (async)
  run 1/9: 315695 cycles 160896.0 ns
  run 2/9: 315661 cycles 160928.0 ns
  run 3/9: 315661 cycles 160736.0 ns
  run 4/9: 315974 cycles 160992.0 ns
  run 5/9: 316017 cycles 160960.0 ns
  run 6/9: 315971 cycles 161088.0 ns
  run 7/9: 315992 cycles 160960.0 ns
  run 8/9: 315643 cycles 160768.0 ns
  run 9/9: 315643 cycles 160768.0 ns
  run 1/9: 79656 cycles 40640.0 ns
  run 2/9: 79616 cycles 40544.0 ns
  run 3/9: 79935 cycles 40704.0 ns
  run 4/9: 79971 cycles 40736.0 ns
  run 5/9: 79923 cycles 40704.0 ns
  run 6/9: 79958 cycles 40768.0 ns
  run 7/9: 79607 cycles 40544.0 ns
  run 8/9: 79607 cycles 40544.0 ns
  run 9/9: 79607 cycles 40640.0 ns
  run 1/9: 362501 cycles 184576.0 ns
  run 2/9: 362590 cycles 184736.0 ns
  run 3/9: 362628 cycles 184736.0 ns
  run 4/9: 362571 cycles 184704.0 ns
  run 5/9: 362592 cycles 184832.0 ns
  run 6/9: 362235 cycles 184512.0 ns
  run 7/9: 362235 cycles 184608.0 ns
  run 8/9: 362235 cycles 184576.0 ns
  run 9/9: 362235 cycles 184640.0 ns
  run 1/9: 79656 cycles 40640.0 ns
  run 2/9: 79963 cycles 40800.0 ns
  run 3/9: 79927 cycles 40768.0 ns
  run 4/9: 79954 cycles 40704.0 ns
  run 5/9: 79607 cycles 40544.0 ns
  run 6/9: 79607 cycles 40544.0 ns
  run 7/9: 79607 cycles 40544.0 ns
  run 8/9: 79607 cycles 40544.0 ns
  run 9/9: 79929 cycles 40736.0 ns
  run 1/9: 494016 cycles 251808.0 ns
  run 2/9: 494047 cycles 251648.0 ns
  run 3/9: 494088 cycles 251840.0 ns
  run 4/9: 493742 cycles 251616.0 ns
  run 5/9: 493742 cycles 251552.0 ns
  run 6/9: 493742 cycles 251488.0 ns
  run 7/9: 493742 cycles 251584.0 ns
  run 8/9: 494068 cycles 251904.0 ns
  run 9/9: 494102 cycles 251680.0 ns
  run 1/9: 79656 cycles 40544.0 ns
  run 2/9: 79964 cycles 40736.0 ns
  run 3/9: 79616 cycles 40608.0 ns
  run 4/9: 79616 cycles 40640.0 ns
  run 5/9: 79607 cycles 40512.0 ns
  run 6/9: 79607 cycles 40544.0 ns
  run 7/9: 79931 cycles 40736.0 ns
  run 8/9: 79971 cycles 40736.0 ns
  run 9/9: 79927 cycles 40736.0 ns
  run 1/9: 686441 cycles 349792.0 ns
  run 2/9: 686254 cycles 349664.0 ns
  run 3/9: 686254 cycles 349600.0 ns
  run 4/9: 686254 cycles 349696.0 ns
  run 5/9: 686254 cycles 349632.0 ns
  run 6/9: 686579 cycles 349824.0 ns
  run 7/9: 686612 cycles 349856.0 ns
  run 8/9: 686579 cycles 349696.0 ns
  run 9/9: 686601 cycles 349856.0 ns
  run 1/9: 79658 cycles 40608.0 ns
  run 2/9: 79616 cycles 40512.0 ns
  run 3/9: 79616 cycles 40640.0 ns
  run 4/9: 79616 cycles 40544.0 ns
  run 5/9: 79932 cycles 40768.0 ns
  run 6/9: 79964 cycles 40768.0 ns
  run 7/9: 79923 cycles 40704.0 ns
  run 8/9: 79956 cycles 40736.0 ns
  run 9/9: 79607 cycles 40512.0 ns
  run 1/9: 1130675 cycles 576192.0 ns
  run 2/9: 1130675 cycles 576128.0 ns
  run 3/9: 1130675 cycles 576000.0 ns
  run 4/9: 1130994 cycles 576352.0 ns
  run 5/9: 1131029 cycles 576320.0 ns
  run 6/9: 1130986 cycles 576320.0 ns
  run 7/9: 1131011 cycles 576256.0 ns
  run 8/9: 1130661 cycles 576192.0 ns
  run 9/9: 1130661 cycles 576128.0 ns
  run 1/9: 79656 cycles 40640.0 ns
  run 2/9: 79616 cycles 40576.0 ns
  run 3/9: 79935 cycles 40704.0 ns
  run 4/9: 79968 cycles 40768.0 ns
  run 5/9: 79929 cycles 40704.0 ns
  run 6/9: 79966 cycles 40768.0 ns
  run 7/9: 79607 cycles 40640.0 ns
  run 8/9: 79607 cycles 40512.0 ns
  run 9/9: 79607 cycles 40544.0 ns
[measure] async_bar (async)
  run 1/9: 169213 cycles 86272.0 ns
  run 2/9: 169539 cycles 86400.0 ns
  run 3/9: 169571 cycles 86336.0 ns
  run 4/9: 169539 cycles 86368.0 ns
  run 5/9: 169565 cycles 86496.0 ns
  run 6/9: 169211 cycles 86240.0 ns
  run 7/9: 169211 cycles 86144.0 ns
  run 8/9: 169210 cycles 86176.0 ns
  run 9/9: 169211 cycles 86208.0 ns
  run 1/9: 37 cycles 32.0 ns
  run 2/9: 37 cycles 0.0 ns
  run 3/9: 37 cycles 32.0 ns
  run 4/9: 37 cycles 32.0 ns
  run 5/9: 37 cycles 0.0 ns
  run 6/9: 37 cycles 32.0 ns
  run 7/9: 37 cycles 32.0 ns
  run 8/9: 37 cycles 32.0 ns
  run 9/9: 37 cycles 0.0 ns
  run 1/9: 333346 cycles 169920.0 ns
  run 2/9: 333374 cycles 169888.0 ns
  run 3/9: 333410 cycles 169824.0 ns
  run 4/9: 333050 cycles 169632.0 ns
  run 5/9: 333051 cycles 169600.0 ns
  run 6/9: 333050 cycles 169728.0 ns
  run 7/9: 333051 cycles 169632.0 ns
  run 8/9: 333389 cycles 169824.0 ns
  run 9/9: 333411 cycles 170016.0 ns
  run 1/9: 37 cycles 0.0 ns
  run 2/9: 37 cycles 0.0 ns
  run 3/9: 37 cycles 32.0 ns
  run 4/9: 37 cycles 32.0 ns
  run 5/9: 37 cycles 0.0 ns
  run 6/9: 37 cycles 0.0 ns
  run 7/9: 37 cycles 32.0 ns
  run 8/9: 37 cycles 0.0 ns
  run 9/9: 37 cycles 32.0 ns
  run 1/9: 661057 cycles 337056.0 ns
  run 2/9: 660733 cycles 337024.0 ns
  run 3/9: 660730 cycles 337248.0 ns
  run 4/9: 660730 cycles 336608.0 ns
  run 5/9: 660731 cycles 336544.0 ns
  run 6/9: 661068 cycles 336704.0 ns
  run 7/9: 661109 cycles 336640.0 ns
  run 8/9: 661056 cycles 336800.0 ns
  run 9/9: 661099 cycles 336800.0 ns
  run 1/9: 37 cycles 32.0 ns
  run 2/9: 37 cycles 32.0 ns
  run 3/9: 37 cycles 32.0 ns
  run 4/9: 37 cycles 0.0 ns
  run 5/9: 37 cycles 0.0 ns
  run 6/9: 37 cycles 32.0 ns
  run 7/9: 37 cycles 0.0 ns
  run 8/9: 37 cycles 0.0 ns
  run 9/9: 37 cycles 32.0 ns
  run 1/9: 1331367 cycles 678560.0 ns
  run 2/9: 1331367 cycles 678464.0 ns
  run 3/9: 1331368 cycles 678464.0 ns
  run 4/9: 1331696 cycles 678720.0 ns
  run 5/9: 1331734 cycles 679808.0 ns
  run 6/9: 1331690 cycles 678720.0 ns
  run 7/9: 1331717 cycles 678592.0 ns
  run 8/9: 1331367 cycles 678432.0 ns
  run 9/9: 1331368 cycles 678368.0 ns
  run 1/9: 37 cycles 0.0 ns
  run 2/9: 37 cycles 0.0 ns
  run 3/9: 37 cycles 32.0 ns
  run 4/9: 37 cycles 32.0 ns
  run 5/9: 37 cycles 32.0 ns
  run 6/9: 37 cycles 0.0 ns
  run 7/9: 37 cycles 0.0 ns
  run 8/9: 37 cycles 32.0 ns
  run 9/9: 37 cycles 32.0 ns
  run 1/9: 2642099 cycles 1346304.0 ns
  run 2/9: 2642428 cycles 1346432.0 ns
  run 3/9: 2642459 cycles 1346592.0 ns
  run 4/9: 2642409 cycles 1346560.0 ns
  run 5/9: 2642451 cycles 1346592.0 ns
  run 6/9: 2642087 cycles 1346240.0 ns
  run 7/9: 2642088 cycles 1346432.0 ns
  run 8/9: 2642087 cycles 1346432.0 ns
  run 9/9: 2642088 cycles 1346336.0 ns
  run 1/9: 37 cycles 32.0 ns
  run 2/9: 37 cycles 32.0 ns
  run 3/9: 37 cycles 32.0 ns
  run 4/9: 37 cycles 32.0 ns
  run 5/9: 37 cycles 32.0 ns
  run 6/9: 37 cycles 32.0 ns
  run 7/9: 37 cycles 32.0 ns
  run 8/9: 37 cycles 32.0 ns
  run 9/9: 37 cycles 32.0 ns
[measure] async_utccp (async)
  run 1/9: 1378487 cycles 702368.0 ns
  run 2/9: 1378477 cycles 702336.0 ns
  run 3/9: 1378477 cycles 702400.0 ns
  run 4/9: 1378477 cycles 702368.0 ns
  run 5/9: 1378463 cycles 702400.0 ns
  run 6/9: 1378463 cycles 702432.0 ns
  run 7/9: 1378463 cycles 702400.0 ns
  run 8/9: 1378463 cycles 702400.0 ns
  run 9/9: 1378463 cycles 702496.0 ns
  run 1/9: 985260 cycles 502080.0 ns
  run 2/9: 985249 cycles 502080.0 ns
  run 3/9: 985249 cycles 502048.0 ns
  run 4/9: 985249 cycles 502080.0 ns
  run 5/9: 985238 cycles 502016.0 ns
  run 6/9: 985238 cycles 502016.0 ns
  run 7/9: 985238 cycles 501984.0 ns
  run 8/9: 985238 cycles 502080.0 ns
  run 9/9: 985238 cycles 502048.0 ns
  run 1/9: 1593567 cycles 812032.0 ns
  run 2/9: 1593496 cycles 811936.0 ns
  run 3/9: 1593496 cycles 811872.0 ns
  run 4/9: 1593496 cycles 811904.0 ns
  run 5/9: 1593496 cycles 812000.0 ns
  run 6/9: 1593496 cycles 811904.0 ns
  run 7/9: 1593496 cycles 812000.0 ns
  run 8/9: 1593496 cycles 811968.0 ns
  run 9/9: 1593496 cycles 812032.0 ns
  run 1/9: 985260 cycles 502112.0 ns
  run 2/9: 985249 cycles 502048.0 ns
  run 3/9: 985249 cycles 501984.0 ns
  run 4/9: 985249 cycles 502048.0 ns
  run 5/9: 985238 cycles 502048.0 ns
  run 6/9: 985238 cycles 501984.0 ns
  run 7/9: 985238 cycles 502016.0 ns
  run 8/9: 985238 cycles 502144.0 ns
  run 9/9: 985238 cycles 501984.0 ns
  run 1/9: 3112175 cycles 1585856.0 ns
  run 2/9: 3112101 cycles 1585760.0 ns
  run 3/9: 3112101 cycles 1585824.0 ns
  run 4/9: 3112101 cycles 1585792.0 ns
  run 5/9: 3112091 cycles 1585888.0 ns
  run 6/9: 3112091 cycles 1585856.0 ns
  run 7/9: 3112091 cycles 1584864.0 ns
  run 8/9: 3112091 cycles 1584832.0 ns
  run 9/9: 3112091 cycles 1585920.0 ns
  run 1/9: 985260 cycles 502112.0 ns
  run 2/9: 985249 cycles 502176.0 ns
  run 3/9: 985249 cycles 502016.0 ns
  run 4/9: 985249 cycles 502080.0 ns
  run 5/9: 985238 cycles 502048.0 ns
  run 6/9: 985238 cycles 502208.0 ns
  run 7/9: 985238 cycles 501856.0 ns
  run 8/9: 985238 cycles 502112.0 ns
  run 9/9: 985238 cycles 502080.0 ns
  run 1/9: 5638442 cycles 2873280.0 ns
  run 2/9: 5638351 cycles 2872800.0 ns
  run 3/9: 5638351 cycles 2872896.0 ns
  run 4/9: 5638351 cycles 2875008.0 ns
  run 5/9: 5638336 cycles 2873088.0 ns
  run 6/9: 5638349 cycles 2873216.0 ns
  run 7/9: 5638349 cycles 2873120.0 ns
  run 8/9: 5638349 cycles 2873056.0 ns
  run 9/9: 5638336 cycles 2873376.0 ns
  run 1/9: 985260 cycles 502080.0 ns
  run 2/9: 985249 cycles 502112.0 ns
  run 3/9: 985249 cycles 502016.0 ns
  run 4/9: 985249 cycles 502048.0 ns
  run 5/9: 985238 cycles 502048.0 ns
  run 6/9: 985238 cycles 502112.0 ns
  run 7/9: 985238 cycles 502048.0 ns
  run 8/9: 985238 cycles 502048.0 ns
  run 9/9: 985238 cycles 502112.0 ns
  run 1/9: 9777222 cycles 4982176.0 ns
  run 2/9: 9776570 cycles 4981568.0 ns
  run 3/9: 9776572 cycles 4981760.0 ns
  run 4/9: 9776572 cycles 4981248.0 ns
  run 5/9: 9776586 cycles 4981568.0 ns
  run 6/9: 9776586 cycles 4981760.0 ns
  run 7/9: 9776586 cycles 4981696.0 ns
  run 8/9: 9776586 cycles 4982112.0 ns
  run 9/9: 9776586 cycles 4982144.0 ns
  run 1/9: 985260 cycles 502080.0 ns
  run 2/9: 985249 cycles 502080.0 ns
  run 3/9: 985249 cycles 502080.0 ns
  run 4/9: 985249 cycles 502016.0 ns
  run 5/9: 985238 cycles 502016.0 ns
  run 6/9: 985238 cycles 502016.0 ns
  run 7/9: 985238 cycles 502048.0 ns
  run 8/9: 985238 cycles 502016.0 ns
  run 9/9: 985238 cycles 502048.0 ns
[measure] async_ldt (async)
  run 1/9: 15082 cycles 7680.0 ns
  run 2/9: 15083 cycles 7680.0 ns
  run 3/9: 15083 cycles 7712.0 ns
  run 4/9: 15083 cycles 7680.0 ns
  run 5/9: 15080 cycles 7680.0 ns
  run 6/9: 15080 cycles 7712.0 ns
  run 7/9: 15080 cycles 7680.0 ns
  run 8/9: 15080 cycles 7680.0 ns
  run 9/9: 15080 cycles 7712.0 ns
  run 1/9: 14566 cycles 7424.0 ns
  run 2/9: 14566 cycles 7424.0 ns
  run 3/9: 14566 cycles 7424.0 ns
  run 4/9: 14566 cycles 7424.0 ns
  run 5/9: 14881 cycles 7584.0 ns
  run 6/9: 14908 cycles 7552.0 ns
  run 7/9: 14869 cycles 7552.0 ns
  run 8/9: 14904 cycles 7616.0 ns
  run 9/9: 14566 cycles 7424.0 ns
  run 1/9: 16024 cycles 8160.0 ns
  run 2/9: 16025 cycles 8160.0 ns
  run 3/9: 16025 cycles 8160.0 ns
  run 4/9: 16025 cycles 8160.0 ns
  run 5/9: 16012 cycles 8160.0 ns
  run 6/9: 16012 cycles 8160.0 ns
  run 7/9: 16012 cycles 8160.0 ns
  run 8/9: 16012 cycles 8192.0 ns
  run 9/9: 16012 cycles 8192.0 ns
  run 1/9: 14566 cycles 7424.0 ns
  run 2/9: 14566 cycles 7424.0 ns
  run 3/9: 14869 cycles 7584.0 ns
  run 4/9: 14911 cycles 7616.0 ns
  run 5/9: 14873 cycles 7552.0 ns
  run 6/9: 14898 cycles 7616.0 ns
  run 7/9: 14566 cycles 7424.0 ns
  run 8/9: 14566 cycles 7424.0 ns
  run 9/9: 14566 cycles 7424.0 ns
  run 1/9: 15511 cycles 7904.0 ns
  run 2/9: 15512 cycles 7936.0 ns
  run 3/9: 15512 cycles 7904.0 ns
  run 4/9: 15512 cycles 7904.0 ns
  run 5/9: 15501 cycles 7872.0 ns
  run 6/9: 15501 cycles 7904.0 ns
  run 7/9: 15501 cycles 7872.0 ns
  run 8/9: 15501 cycles 7936.0 ns
  run 9/9: 15501 cycles 7904.0 ns
  run 1/9: 14771 cycles 7520.0 ns
  run 2/9: 14890 cycles 7584.0 ns
  run 3/9: 14867 cycles 7552.0 ns
  run 4/9: 14892 cycles 7584.0 ns
  run 5/9: 14566 cycles 7424.0 ns
  run 6/9: 14566 cycles 7424.0 ns
  run 7/9: 14566 cycles 7456.0 ns
  run 8/9: 14566 cycles 7424.0 ns
  run 9/9: 14880 cycles 7584.0 ns
  run 1/9: 15511 cycles 7904.0 ns
  run 2/9: 15512 cycles 7872.0 ns
  run 3/9: 15512 cycles 7904.0 ns
  run 4/9: 15512 cycles 7872.0 ns
  run 5/9: 15501 cycles 7872.0 ns
  run 6/9: 15501 cycles 7872.0 ns
  run 7/9: 15501 cycles 7904.0 ns
  run 8/9: 15501 cycles 7872.0 ns
  run 9/9: 15501 cycles 7904.0 ns
  run 1/9: 14760 cycles 7520.0 ns
  run 2/9: 14894 cycles 7584.0 ns
  run 3/9: 14566 cycles 7424.0 ns
  run 4/9: 14566 cycles 7424.0 ns
  run 5/9: 14566 cycles 7424.0 ns
  run 6/9: 14566 cycles 7424.0 ns
  run 7/9: 14884 cycles 7584.0 ns
  run 8/9: 14912 cycles 7584.0 ns
  run 9/9: 14871 cycles 7584.0 ns
  run 1/9: 15511 cycles 7872.0 ns
  run 2/9: 15512 cycles 7936.0 ns
  run 3/9: 15512 cycles 7936.0 ns
  run 4/9: 15512 cycles 7936.0 ns
  run 5/9: 15501 cycles 7872.0 ns
  run 6/9: 15501 cycles 7936.0 ns
  run 7/9: 15501 cycles 7904.0 ns
  run 8/9: 15501 cycles 7872.0 ns
  run 9/9: 15501 cycles 7904.0 ns
  run 1/9: 14566 cycles 7424.0 ns
  run 2/9: 14566 cycles 7424.0 ns
  run 3/9: 14566 cycles 7456.0 ns
  run 4/9: 14566 cycles 7424.0 ns
  run 5/9: 14881 cycles 7584.0 ns
  run 6/9: 14916 cycles 7584.0 ns
  run 7/9: 14876 cycles 7552.0 ns
  run 8/9: 14897 cycles 7584.0 ns
  run 9/9: 14566 cycles 7424.0 ns
[measure] async_ldtm (async)
  run 1/9: 18148 cycles 9248.0 ns
  run 2/9: 18149 cycles 9248.0 ns
  run 3/9: 18149 cycles 9280.0 ns
  run 4/9: 18149 cycles 9248.0 ns
  run 5/9: 18146 cycles 9248.0 ns
  run 6/9: 18146 cycles 9248.0 ns
  run 7/9: 18146 cycles 9248.0 ns
  run 8/9: 18146 cycles 9248.0 ns
  run 9/9: 18146 cycles 9280.0 ns
  run 1/9: 14566 cycles 7424.0 ns
  run 2/9: 14566 cycles 7424.0 ns
  run 3/9: 14864 cycles 7584.0 ns
  run 4/9: 14905 cycles 7616.0 ns
  run 5/9: 14872 cycles 7584.0 ns
  run 6/9: 14900 cycles 7616.0 ns
  run 7/9: 14566 cycles 7424.0 ns
  run 8/9: 14566 cycles 7424.0 ns
  run 9/9: 14566 cycles 7424.0 ns
  run 1/9: 18069 cycles 9216.0 ns
  run 2/9: 18069 cycles 9184.0 ns
  run 3/9: 18069 cycles 9216.0 ns
  run 4/9: 18069 cycles 9216.0 ns
  run 5/9: 18058 cycles 9216.0 ns
  run 6/9: 18058 cycles 9216.0 ns
  run 7/9: 18058 cycles 9216.0 ns
  run 8/9: 18058 cycles 9216.0 ns
  run 9/9: 18058 cycles 9216.0 ns
  run 1/9: 14779 cycles 7552.0 ns
  run 2/9: 14898 cycles 7616.0 ns
  run 3/9: 14862 cycles 7584.0 ns
  run 4/9: 14882 cycles 7616.0 ns
  run 5/9: 14566 cycles 7424.0 ns
  run 6/9: 14566 cycles 7424.0 ns
  run 7/9: 14566 cycles 7456.0 ns
  run 8/9: 14566 cycles 7424.0 ns
  run 9/9: 14884 cycles 7584.0 ns
  run 1/9: 18070 cycles 9184.0 ns
  run 2/9: 18070 cycles 9216.0 ns
  run 3/9: 18070 cycles 9216.0 ns
  run 4/9: 18070 cycles 9216.0 ns
  run 5/9: 18058 cycles 9216.0 ns
  run 6/9: 18058 cycles 9216.0 ns
  run 7/9: 18058 cycles 9216.0 ns
  run 8/9: 18058 cycles 9184.0 ns
  run 9/9: 18058 cycles 9184.0 ns
  run 1/9: 14755 cycles 7520.0 ns
  run 2/9: 14891 cycles 7584.0 ns
  run 3/9: 14566 cycles 7424.0 ns
  run 4/9: 14566 cycles 7392.0 ns
  run 5/9: 14566 cycles 7424.0 ns
  run 6/9: 14566 cycles 7456.0 ns
  run 7/9: 14887 cycles 7584.0 ns
  run 8/9: 14911 cycles 7584.0 ns
  run 9/9: 14862 cycles 7584.0 ns
  run 1/9: 18072 cycles 9248.0 ns
  run 2/9: 18072 cycles 9216.0 ns
  run 3/9: 18072 cycles 9216.0 ns
  run 4/9: 18072 cycles 9248.0 ns
  run 5/9: 18058 cycles 9184.0 ns
  run 6/9: 18058 cycles 9184.0 ns
  run 7/9: 18058 cycles 9184.0 ns
  run 8/9: 18058 cycles 9184.0 ns
  run 9/9: 18058 cycles 9184.0 ns
  run 1/9: 14566 cycles 7424.0 ns
  run 2/9: 14566 cycles 7456.0 ns
  run 3/9: 14566 cycles 7424.0 ns
  run 4/9: 14566 cycles 7424.0 ns
  run 5/9: 14884 cycles 7616.0 ns
  run 6/9: 14919 cycles 7584.0 ns
  run 7/9: 14879 cycles 7584.0 ns
  run 8/9: 14897 cycles 7584.0 ns
  run 9/9: 14566 cycles 7424.0 ns
  run 1/9: 18072 cycles 9184.0 ns
  run 2/9: 18072 cycles 9184.0 ns
  run 3/9: 18072 cycles 9248.0 ns
  run 4/9: 18072 cycles 9216.0 ns
  run 5/9: 18072 cycles 9216.0 ns
  run 6/9: 18072 cycles 9184.0 ns
  run 7/9: 18072 cycles 9216.0 ns
  run 8/9: 18072 cycles 9216.0 ns
  run 9/9: 18072 cycles 9216.0 ns
  run 1/9: 14566 cycles 7424.0 ns
  run 2/9: 14566 cycles 7392.0 ns
  run 3/9: 14873 cycles 7584.0 ns
  run 4/9: 14903 cycles 7584.0 ns
  run 5/9: 14869 cycles 7616.0 ns
  run 6/9: 14904 cycles 7616.0 ns
  run 7/9: 14566 cycles 7424.0 ns
  run 8/9: 14566 cycles 7424.0 ns
  run 9/9: 14566 cycles 7424.0 ns
[measure] async_stt (async)
  run 1/9: 103272 cycles 52640.0 ns
  run 2/9: 103216 cycles 52576.0 ns
  run 3/9: 103216 cycles 52576.0 ns
  run 4/9: 103216 cycles 52576.0 ns
  run 5/9: 103205 cycles 52608.0 ns
  run 6/9: 103205 cycles 52608.0 ns
  run 7/9: 103205 cycles 52608.0 ns
  run 8/9: 103205 cycles 52608.0 ns
  run 9/9: 103205 cycles 52608.0 ns
  run 1/9: 96998 cycles 49440.0 ns
  run 2/9: 97337 cycles 49600.0 ns
  run 3/9: 97294 cycles 49568.0 ns
  run 4/9: 97319 cycles 49600.0 ns
  run 5/9: 96998 cycles 49440.0 ns
  run 6/9: 96998 cycles 49440.0 ns
  run 7/9: 96998 cycles 49408.0 ns
  run 8/9: 96998 cycles 49440.0 ns
  run 9/9: 97307 cycles 49600.0 ns
  run 1/9: 128771 cycles 65664.0 ns
  run 2/9: 128700 cycles 65600.0 ns
  run 3/9: 128700 cycles 65536.0 ns
  run 4/9: 128700 cycles 65536.0 ns
  run 5/9: 128689 cycles 65568.0 ns
  run 6/9: 128689 cycles 65632.0 ns
  run 7/9: 128689 cycles 65632.0 ns
  run 8/9: 128689 cycles 65568.0 ns
  run 9/9: 128689 cycles 65600.0 ns
  run 1/9: 96998 cycles 49440.0 ns
  run 2/9: 97314 cycles 49600.0 ns
  run 3/9: 96998 cycles 49408.0 ns
  run 4/9: 96998 cycles 49376.0 ns
  run 5/9: 96998 cycles 49440.0 ns
  run 6/9: 96998 cycles 49440.0 ns
  run 7/9: 97320 cycles 49600.0 ns
  run 8/9: 97353 cycles 49632.0 ns
  run 9/9: 97304 cycles 49600.0 ns
  run 1/9: 131333 cycles 66912.0 ns
  run 2/9: 131262 cycles 66912.0 ns
  run 3/9: 131262 cycles 66880.0 ns
  run 4/9: 131262 cycles 66880.0 ns
  run 5/9: 131249 cycles 66848.0 ns
  run 6/9: 131249 cycles 66880.0 ns
  run 7/9: 131249 cycles 66880.0 ns
  run 8/9: 131249 cycles 66880.0 ns
  run 9/9: 131249 cycles 66848.0 ns
  run 1/9: 96998 cycles 49440.0 ns
  run 2/9: 96998 cycles 49408.0 ns
  run 3/9: 96998 cycles 49408.0 ns
  run 4/9: 96998 cycles 49376.0 ns
  run 5/9: 97314 cycles 49600.0 ns
  run 6/9: 97347 cycles 49600.0 ns
  run 7/9: 97304 cycles 49600.0 ns
  run 8/9: 97329 cycles 49600.0 ns
  run 9/9: 96998 cycles 49408.0 ns
  run 1/9: 164196 cycles 83680.0 ns
  run 2/9: 164031 cycles 83616.0 ns
  run 3/9: 164031 cycles 83616.0 ns
  run 4/9: 164031 cycles 83552.0 ns
  run 5/9: 164031 cycles 83616.0 ns
  run 6/9: 164031 cycles 83552.0 ns
  run 7/9: 164031 cycles 83648.0 ns
  run 8/9: 164031 cycles 83584.0 ns
  run 9/9: 164031 cycles 83616.0 ns
  run 1/9: 96998 cycles 49440.0 ns
  run 2/9: 96998 cycles 49408.0 ns
  run 3/9: 97302 cycles 49600.0 ns
  run 4/9: 97331 cycles 49632.0 ns
  run 5/9: 97296 cycles 49600.0 ns
  run 6/9: 97346 cycles 49600.0 ns
  run 7/9: 96998 cycles 49440.0 ns
  run 8/9: 96998 cycles 49440.0 ns
  run 9/9: 96998 cycles 49408.0 ns
  run 1/9: 382023 cycles 194720.0 ns
  run 2/9: 381108 cycles 194176.0 ns
  run 3/9: 381108 cycles 194176.0 ns
  run 4/9: 381108 cycles 194208.0 ns
  run 5/9: 381108 cycles 194208.0 ns
  run 6/9: 381108 cycles 194176.0 ns
  run 7/9: 381108 cycles 194208.0 ns
  run 8/9: 381108 cycles 194208.0 ns
  run 9/9: 381108 cycles 194208.0 ns
  run 1/9: 96998 cycles 49408.0 ns
  run 2/9: 97341 cycles 49568.0 ns
  run 3/9: 97301 cycles 49536.0 ns
  run 4/9: 97328 cycles 49600.0 ns
  run 5/9: 96998 cycles 49440.0 ns
  run 6/9: 96998 cycles 49408.0 ns
  run 7/9: 96998 cycles 49440.0 ns
  run 8/9: 96998 cycles 49440.0 ns
  run 9/9: 97309 cycles 49632.0 ns
[measure] async_sttm (async)
  run 1/9: 214553 cycles 109312.0 ns
  run 2/9: 214343 cycles 109248.0 ns
  run 3/9: 214343 cycles 109248.0 ns
  run 4/9: 214343 cycles 109216.0 ns
  run 5/9: 214343 cycles 109216.0 ns
  run 6/9: 214343 cycles 109216.0 ns
  run 7/9: 214343 cycles 109184.0 ns
  run 8/9: 214343 cycles 109248.0 ns
  run 9/9: 214343 cycles 109248.0 ns
  run 1/9: 97197 cycles 49536.0 ns
  run 2/9: 97319 cycles 49632.0 ns
  run 3/9: 96998 cycles 49408.0 ns
  run 4/9: 96998 cycles 49440.0 ns
  run 5/9: 96998 cycles 49440.0 ns
  run 6/9: 96998 cycles 49440.0 ns
  run 7/9: 97315 cycles 49600.0 ns
  run 8/9: 97348 cycles 49632.0 ns
  run 9/9: 97298 cycles 49600.0 ns
  run 1/9: 495555 cycles 252544.0 ns
  run 2/9: 494773 cycles 252096.0 ns
  run 3/9: 494773 cycles 252224.0 ns
  run 4/9: 494773 cycles 252128.0 ns
  run 5/9: 494773 cycles 252128.0 ns
  run 6/9: 494773 cycles 252128.0 ns
  run 7/9: 494773 cycles 252064.0 ns
  run 8/9: 494773 cycles 252224.0 ns
  run 9/9: 494773 cycles 252160.0 ns
  run 1/9: 96998 cycles 49440.0 ns
  run 2/9: 96998 cycles 49440.0 ns
  run 3/9: 96998 cycles 49408.0 ns
  run 4/9: 96998 cycles 49408.0 ns
  run 5/9: 97315 cycles 49600.0 ns
  run 6/9: 97356 cycles 49632.0 ns
  run 7/9: 97302 cycles 49600.0 ns
  run 8/9: 97325 cycles 49600.0 ns
  run 9/9: 96998 cycles 49440.0 ns
  run 1/9: 948932 cycles 483616.0 ns
  run 2/9: 947378 cycles 482848.0 ns
  run 3/9: 947378 cycles 482880.0 ns
  run 4/9: 947378 cycles 482784.0 ns
  run 5/9: 947378 cycles 482784.0 ns
  run 6/9: 947378 cycles 482784.0 ns
  run 7/9: 947378 cycles 482752.0 ns
  run 8/9: 947378 cycles 482752.0 ns
  run 9/9: 947378 cycles 482848.0 ns
  run 1/9: 96998 cycles 49440.0 ns
  run 2/9: 96998 cycles 49440.0 ns
  run 3/9: 97305 cycles 49600.0 ns
  run 4/9: 97340 cycles 49632.0 ns
  run 5/9: 97305 cycles 49568.0 ns
  run 6/9: 97335 cycles 49600.0 ns
  run 7/9: 96998 cycles 49408.0 ns
  run 8/9: 96998 cycles 49440.0 ns
  run 9/9: 96998 cycles 49440.0 ns
  run 1/9: 2518194 cycles 1283328.0 ns
  run 2/9: 2517204 cycles 1282752.0 ns
  run 3/9: 2517257 cycles 1282848.0 ns
  run 4/9: 2517257 cycles 1282720.0 ns
  run 5/9: 2517257 cycles 1282720.0 ns
  run 6/9: 2517257 cycles 1282816.0 ns
  run 7/9: 2517257 cycles 1282656.0 ns
  run 8/9: 2517257 cycles 1282784.0 ns
  run 9/9: 2517257 cycles 1282752.0 ns
  run 1/9: 97224 cycles 49536.0 ns
  run 2/9: 97335 cycles 49600.0 ns
  run 3/9: 97304 cycles 49600.0 ns
  run 4/9: 97319 cycles 49568.0 ns
  run 5/9: 96998 cycles 49408.0 ns
  run 6/9: 96998 cycles 49472.0 ns
  run 7/9: 96998 cycles 49440.0 ns
  run 8/9: 96998 cycles 49408.0 ns
  run 9/9: 97305 cycles 49664.0 ns
  run 1/9: 6856354 cycles 3494080.0 ns
  run 2/9: 6852754 cycles 3492160.0 ns
  run 3/9: 6852754 cycles 3492064.0 ns
  run 4/9: 6852754 cycles 3492128.0 ns
  run 5/9: 6852754 cycles 3492160.0 ns
  run 6/9: 6852754 cycles 3492064.0 ns
  run 7/9: 6852754 cycles 3491904.0 ns
  run 8/9: 6852754 cycles 3492096.0 ns
  run 9/9: 6852754 cycles 3492128.0 ns
  run 1/9: 97173 cycles 49536.0 ns
  run 2/9: 97330 cycles 49600.0 ns
  run 3/9: 96998 cycles 49472.0 ns
  run 4/9: 96998 cycles 49408.0 ns
  run 5/9: 96998 cycles 49376.0 ns
  run 6/9: 96998 cycles 49408.0 ns
  run 7/9: 97314 cycles 49600.0 ns
  run 8/9: 97348 cycles 49600.0 ns
  run 9/9: 97296 cycles 49600.0 ns
[measure] async_utchmma (async)
  run 1/9: 1417401 cycles 769248.0 ns
  run 2/9: 1417388 cycles 769120.0 ns
  run 3/9: 1417388 cycles 769120.0 ns
  run 4/9: 1417388 cycles 769216.0 ns
  run 5/9: 1417375 cycles 769216.0 ns
  run 6/9: 1417375 cycles 769248.0 ns
  run 7/9: 1417375 cycles 769248.0 ns
  run 8/9: 1417375 cycles 769120.0 ns
  run 9/9: 1417375 cycles 769088.0 ns
  run 1/9: 985260 cycles 502144.0 ns
  run 2/9: 985249 cycles 502080.0 ns
  run 3/9: 985249 cycles 502016.0 ns
  run 4/9: 985249 cycles 502080.0 ns
  run 5/9: 985238 cycles 501984.0 ns
  run 6/9: 985238 cycles 502080.0 ns
  run 7/9: 985238 cycles 501952.0 ns
  run 8/9: 985238 cycles 502016.0 ns
  run 9/9: 985238 cycles 502112.0 ns
  run 1/9: 1851644 cycles 1004928.0 ns
  run 2/9: 1851565 cycles 1004800.0 ns
  run 3/9: 1851565 cycles 1004800.0 ns
  run 4/9: 1851565 cycles 1004864.0 ns
  run 5/9: 1851576 cycles 1004768.0 ns
  run 6/9: 1851565 cycles 1004800.0 ns
  run 7/9: 1851565 cycles 1004800.0 ns
  run 8/9: 1851565 cycles 1004864.0 ns
  run 9/9: 1851576 cycles 1004768.0 ns
  run 1/9: 985260 cycles 502048.0 ns
  run 2/9: 985249 cycles 502144.0 ns
  run 3/9: 985249 cycles 501952.0 ns
  run 4/9: 985249 cycles 502016.0 ns
  run 5/9: 985238 cycles 502144.0 ns
  run 6/9: 985238 cycles 502048.0 ns
  run 7/9: 985238 cycles 502048.0 ns
  run 8/9: 985238 cycles 502048.0 ns
  run 9/9: 985238 cycles 502080.0 ns
  run 1/9: 2732284 cycles 1482752.0 ns
  run 2/9: 2732201 cycles 1482656.0 ns
  run 3/9: 2732201 cycles 1482688.0 ns
  run 4/9: 2732201 cycles 1482720.0 ns
  run 5/9: 2732214 cycles 1482720.0 ns
  run 6/9: 2732201 cycles 1482720.0 ns
  run 7/9: 2732201 cycles 1482784.0 ns
  run 8/9: 2732201 cycles 1482656.0 ns
  run 9/9: 2732214 cycles 1482688.0 ns
  run 1/9: 985260 cycles 502048.0 ns
  run 2/9: 985249 cycles 502048.0 ns
  run 3/9: 985249 cycles 501984.0 ns
  run 4/9: 985249 cycles 501952.0 ns
  run 5/9: 985238 cycles 501952.0 ns
  run 6/9: 985238 cycles 502016.0 ns
  run 7/9: 985238 cycles 501984.0 ns
  run 8/9: 985238 cycles 501952.0 ns
  run 9/9: 985238 cycles 501920.0 ns
  run 1/9: 4522197 cycles 2454272.0 ns
  run 2/9: 4522127 cycles 2454080.0 ns
  run 3/9: 4522127 cycles 2454208.0 ns
  run 4/9: 4522127 cycles 2454176.0 ns
  run 5/9: 4522127 cycles 2454240.0 ns
  run 6/9: 4522127 cycles 2454176.0 ns
  run 7/9: 4522127 cycles 2454240.0 ns
  run 8/9: 4522127 cycles 2454272.0 ns
  run 9/9: 4522127 cycles 2454304.0 ns
  run 1/9: 985260 cycles 502016.0 ns
  run 2/9: 985249 cycles 501984.0 ns
  run 3/9: 985249 cycles 502112.0 ns
  run 4/9: 985249 cycles 502048.0 ns
  run 5/9: 985238 cycles 502080.0 ns
  run 6/9: 985238 cycles 501984.0 ns
  run 7/9: 985238 cycles 502016.0 ns
  run 8/9: 985238 cycles 502016.0 ns
  run 9/9: 985238 cycles 502016.0 ns
  run 1/9: 7995605 cycles 4339648.0 ns
  run 2/9: 7995535 cycles 4339392.0 ns
  run 3/9: 7995535 cycles 4339168.0 ns
  run 4/9: 7995535 cycles 4339136.0 ns
  run 5/9: 7995535 cycles 4339392.0 ns
  run 6/9: 7995535 cycles 4339552.0 ns
  run 7/9: 7995535 cycles 4339520.0 ns
  run 8/9: 7995535 cycles 4339136.0 ns
  run 9/9: 7995535 cycles 4339616.0 ns
  run 1/9: 985260 cycles 502144.0 ns
  run 2/9: 985249 cycles 502016.0 ns
  run 3/9: 985249 cycles 502080.0 ns
  run 4/9: 985249 cycles 502112.0 ns
  run 5/9: 985238 cycles 502048.0 ns
  run 6/9: 985238 cycles 502048.0 ns
  run 7/9: 985238 cycles 501984.0 ns
  run 8/9: 985238 cycles 501984.0 ns
  run 9/9: 985238 cycles 502080.0 ns


--- error ---


--- sass error ---

